Device_id,Model ID,Task ID,Stream ID,Op Name,OP Type,OP State,Task Type,Task Start Time(us),Task Duration(us),Task Wait Time(us),Block Num,Mix Block Num,HF32 Eligible,Input Shapes,Input Data Types,Input Formats,Output Shapes,Output Data Types,Output Formats,Context ID,aicore_time(us),aic_total_cycles,aic_mac_time(us),aic_mac_ratio,aic_scalar_time(us),aic_scalar_ratio,aic_mte1_time(us),aic_mte1_ratio,aic_mte2_time(us),aic_mte2_ratio,aic_fixpipe_time(us),aic_fixpipe_ratio,aic_icache_miss_rate,aiv_time(us),aiv_total_cycles,aiv_vec_time(us),aiv_vec_ratio,aiv_scalar_time(us),aiv_scalar_ratio,aiv_mte2_time(us),aiv_mte2_ratio,aiv_mte3_time(us),aiv_mte3_ratio,aiv_icache_miss_rate,cube_utilization(%)
0,4294967295,1,42,PYPTO_mul_kernel_2d,N/A,N/A,N/A,1784164991794540.166	,323.147,0,0,0,N/A,N/A,N/A,N/A,N/A,N/A,N/A,N/A,N/A,N/A,N/A,N/A,N/A,N/A,N/A,N/A,N/A,N/A,N/A,N/A,N/A,N/A,N/A,N/A,N/A,N/A,N/A,N/A,N/A,N/A,N/A,N/A,N/A
0,4294967295,2,43,PYPTO_mul_kernel_2d,N/A,N/A,N/A,1784164991794551.086	,356.968,0.000000,0,0,N/A,N/A,N/A,N/A,N/A,N/A,N/A,N/A,N/A,N/A,N/A,N/A,N/A,N/A,N/A,N/A,N/A,N/A,N/A,N/A,N/A,N/A,N/A,N/A,N/A,N/A,N/A,N/A,N/A,N/A,N/A,N/A,N/A
0,4294967295,1,46,PYPTO_mul_kernel_2d,N/A,N/A,N/A,1784164991794651.988	,246.745,0.000000,0,0,N/A,N/A,N/A,N/A,N/A,N/A,N/A,0,0.0,7803073,0.0,0.0,0.0,0.97,0.0,0.0,0.0,0.0,0.0,0.0,0.004,0.0,0,0.0,0.0,0.0,0.0,0.0,0.0,0.0,0.0,0.0,95.830
0,4294967295,3,42,PYPTO_mul_kernel_2d,N/A,N/A,N/A,1784164991794999.295	,106.323,100.505000,0,0,N/A,N/A,N/A,N/A,N/A,N/A,N/A,N/A,N/A,N/A,N/A,N/A,N/A,N/A,N/A,N/A,N/A,N/A,N/A,N/A,N/A,N/A,N/A,N/A,N/A,N/A,N/A,N/A,N/A,N/A,N/A,N/A,N/A
0,4294967295,4,43,PYPTO_mul_kernel_2d,N/A,N/A,N/A,1784164991795011.256	,133.002,0.000000,0,0,N/A,N/A,N/A,N/A,N/A,N/A,N/A,N/A,N/A,N/A,N/A,N/A,N/A,N/A,N/A,N/A,N/A,N/A,N/A,N/A,N/A,N/A,N/A,N/A,N/A,N/A,N/A,N/A,N/A,N/A,N/A,N/A,N/A
0,4294967295,3,46,PYPTO_mul_kernel_2d,N/A,N/A,N/A,1784164991795024.136	,113.382,0.000000,0,0,N/A,N/A,N/A,N/A,N/A,N/A,N/A,0,0.0,3408487,0.0,0.0,0.0,0.994,0.0,0.0,0.0,0.0,0.0,0.0,0.0,0.0,0,0.0,0.0,0.0,0.0,0.0,0.0,0.0,0.0,0.0,91.097
0,4294967295,5,42,PYPTO_mul_kernel_2d,N/A,N/A,N/A,1784164991795178.439	,62.401,40.868000,0,0,N/A,N/A,N/A,N/A,N/A,N/A,N/A,N/A,N/A,N/A,N/A,N/A,N/A,N/A,N/A,N/A,N/A,N/A,N/A,N/A,N/A,N/A,N/A,N/A,N/A,N/A,N/A,N/A,N/A,N/A,N/A,N/A,N/A
0,4294967295,6,43,PYPTO_mul_kernel_2d,N/A,N/A,N/A,1784164991795185.219	,98.482,0.000000,0,0,N/A,N/A,N/A,N/A,N/A,N/A,N/A,N/A,N/A,N/A,N/A,N/A,N/A,N/A,N/A,N/A,N/A,N/A,N/A,N/A,N/A,N/A,N/A,N/A,N/A,N/A,N/A,N/A,N/A,N/A,N/A,N/A,N/A
0,4294967295,5,46,PYPTO_mul_kernel_2d,N/A,N/A,N/A,1784164991795191.459	,85.882,0.000000,0,0,N/A,N/A,N/A,N/A,N/A,N/A,N/A,0,0.0,2485736,0.0,0.0,0.0,0.985,0.0,0.0,0.0,0.0,0.0,0.0,0.0,0.0,0,0.0,0.0,0.0,0.0,0.0,0.0,0.0,0.0,0.0,87.708
0,4294967295,7,42,PYPTO_mul_kernel_2d,N/A,N/A,N/A,1784164991795348.782	,51.121,71.368000,0,0,N/A,N/A,N/A,N/A,N/A,N/A,N/A,N/A,N/A,N/A,N/A,N/A,N/A,N/A,N/A,N/A,N/A,N/A,N/A,N/A,N/A,N/A,N/A,N/A,N/A,N/A,N/A,N/A,N/A,N/A,N/A,N/A,N/A
0,4294967295,8,43,PYPTO_mul_kernel_2d,N/A,N/A,N/A,1784164991795355.343	,82.661,0.000000,0,0,N/A,N/A,N/A,N/A,N/A,N/A,N/A,N/A,N/A,N/A,N/A,N/A,N/A,N/A,N/A,N/A,N/A,N/A,N/A,N/A,N/A,N/A,N/A,N/A,N/A,N/A,N/A,N/A,N/A,N/A,N/A,N/A,N/A
0,4294967295,7,46,PYPTO_mul_kernel_2d,N/A,N/A,N/A,1784164991795361.823	,72.301,0.000000,0,0,N/A,N/A,N/A,N/A,N/A,N/A,N/A,0,0.0,2045712,0.0,0.0,0.0,0.986,0.0,0.0,0.0,0.0,0.0,0.0,0.0,0.0,0,0.0,0.0,0.0,0.0,0.0,0.0,0.0,0.0,0.0,85.741
0,4294967295,9,42,PYPTO_mul_kernel_2d,N/A,N/A,N/A,1784164991795501.305	,54.702,67.199000,0,0,N/A,N/A,N/A,N/A,N/A,N/A,N/A,N/A,N/A,N/A,N/A,N/A,N/A,N/A,N/A,N/A,N/A,N/A,N/A,N/A,N/A,N/A,N/A,N/A,N/A,N/A,N/A,N/A,N/A,N/A,N/A,N/A,N/A
0,4294967295,10,43,PYPTO_mul_kernel_2d,N/A,N/A,N/A,1784164991795510.066	,86.301,0.000000,0,0,N/A,N/A,N/A,N/A,N/A,N/A,N/A,N/A,N/A,N/A,N/A,N/A,N/A,N/A,N/A,N/A,N/A,N/A,N/A,N/A,N/A,N/A,N/A,N/A,N/A,N/A,N/A,N/A,N/A,N/A,N/A,N/A,N/A
0,4294967295,9,46,PYPTO_mul_kernel_2d,N/A,N/A,N/A,1784164991795514.046	,75.681,0.000000,0,0,N/A,N/A,N/A,N/A,N/A,N/A,N/A,0,0.0,2179315,0.0,0.0,0.0,0.992,0.0,0.0,0.0,0.0,0.0,0.0,0.0,0.0,0,0.0,0.0,0.0,0.0,0.0,0.0,0.0,0.0,0.0,87.261
0,4294967295,11,42,PYPTO_mul_kernel_2d,N/A,N/A,N/A,1784164991795686.209	,46.561,96.569000,0,0,N/A,N/A,N/A,N/A,N/A,N/A,N/A,N/A,N/A,N/A,N/A,N/A,N/A,N/A,N/A,N/A,N/A,N/A,N/A,N/A,N/A,N/A,N/A,N/A,N/A,N/A,N/A,N/A,N/A,N/A,N/A,N/A,N/A
0,4294967295,12,43,PYPTO_mul_kernel_2d,N/A,N/A,N/A,1784164991795694.529	,87.042,0.000000,0,0,N/A,N/A,N/A,N/A,N/A,N/A,N/A,N/A,N/A,N/A,N/A,N/A,N/A,N/A,N/A,N/A,N/A,N/A,N/A,N/A,N/A,N/A,N/A,N/A,N/A,N/A,N/A,N/A,N/A,N/A,N/A,N/A,N/A
0,4294967295,11,46,PYPTO_mul_kernel_2d,N/A,N/A,N/A,1784164991795700.749	,73.782,0.000000,0,0,N/A,N/A,N/A,N/A,N/A,N/A,N/A,0,0.0,2072341,0.0,0.0,0.0,0.976,0.0,0.0,0.0,0.0,0.0,0.0,0.0,0.0,0,0.0,0.0,0.0,0.0,0.0,0.0,0.0,0.0,0.0,85.113
0,4294967295,13,42,PYPTO_mul_kernel_2d,N/A,N/A,N/A,1784164991795839.732	,39.421,65.218000,0,0,N/A,N/A,N/A,N/A,N/A,N/A,N/A,N/A,N/A,N/A,N/A,N/A,N/A,N/A,N/A,N/A,N/A,N/A,N/A,N/A,N/A,N/A,N/A,N/A,N/A,N/A,N/A,N/A,N/A,N/A,N/A,N/A,N/A
0,4294967295,14,43,PYPTO_mul_kernel_2d,N/A,N/A,N/A,1784164991795848.672	,69.742,0.000000,0,0,N/A,N/A,N/A,N/A,N/A,N/A,N/A,N/A,N/A,N/A,N/A,N/A,N/A,N/A,N/A,N/A,N/A,N/A,N/A,N/A,N/A,N/A,N/A,N/A,N/A,N/A,N/A,N/A,N/A,N/A,N/A,N/A,N/A
0,4294967295,13,46,PYPTO_mul_kernel_2d,N/A,N/A,N/A,1784164991795852.372	,62.662,0.000000,0,0,N/A,N/A,N/A,N/A,N/A,N/A,N/A,0,0.0,1721599,0.0,0.0,0.0,0.982,0.0,0.0,0.0,0.0,0.0,0.0,0.0,0.0,0,0.0,0.0,0.0,0.0,0.0,0.0,0.0,0.0,0.0,83.256
0,4294967295,15,42,PYPTO_mul_kernel_2d,N/A,N/A,N/A,1784164991796004.696	,51.461,89.838000,0,0,N/A,N/A,N/A,N/A,N/A,N/A,N/A,N/A,N/A,N/A,N/A,N/A,N/A,N/A,N/A,N/A,N/A,N/A,N/A,N/A,N/A,N/A,N/A,N/A,N/A,N/A,N/A,N/A,N/A,N/A,N/A,N/A,N/A
0,4294967295,16,43,PYPTO_mul_kernel_2d,N/A,N/A,N/A,1784164991796011.456	,84.541,0.000000,0,0,N/A,N/A,N/A,N/A,N/A,N/A,N/A,N/A,N/A,N/A,N/A,N/A,N/A,N/A,N/A,N/A,N/A,N/A,N/A,N/A,N/A,N/A,N/A,N/A,N/A,N/A,N/A,N/A,N/A,N/A,N/A,N/A,N/A
0,4294967295,15,46,PYPTO_mul_kernel_2d,N/A,N/A,N/A,1784164991796017.476	,71.441,0.000000,0,0,N/A,N/A,N/A,N/A,N/A,N/A,N/A,0,0.0,1993140,0.0,0.0,0.0,0.991,0.0,0.0,0.0,0.0,0.0,0.0,0.0,0.0,0,0.0,0.0,0.0,0.0,0.0,0.0,0.0,0.0,0.0,84.543
0,4294967295,17,42,PYPTO_mul_kernel_2d,N/A,N/A,N/A,1784164991796153.799	,48.200,64.809000,0,0,N/A,N/A,N/A,N/A,N/A,N/A,N/A,N/A,N/A,N/A,N/A,N/A,N/A,N/A,N/A,N/A,N/A,N/A,N/A,N/A,N/A,N/A,N/A,N/A,N/A,N/A,N/A,N/A,N/A,N/A,N/A,N/A,N/A
0,4294967295,18,43,PYPTO_mul_kernel_2d,N/A,N/A,N/A,1784164991796162.699	,79.081,0.000000,0,0,N/A,N/A,N/A,N/A,N/A,N/A,N/A,N/A,N/A,N/A,N/A,N/A,N/A,N/A,N/A,N/A,N/A,N/A,N/A,N/A,N/A,N/A,N/A,N/A,N/A,N/A,N/A,N/A,N/A,N/A,N/A,N/A,N/A
0,4294967295,17,46,PYPTO_mul_kernel_2d,N/A,N/A,N/A,1784164991796166.719	,69.321,0.000000,0,0,N/A,N/A,N/A,N/A,N/A,N/A,N/A,0,0.0,1942738,0.0,0.0,0.0,0.982,0.0,0.0,0.0,0.0,0.0,0.0,0.0,0.0,0,0.0,0.0,0.0,0.0,0.0,0.0,0.0,0.0,0.0,84.925
0,4294967295,19,42,PYPTO_mul_kernel_2d,N/A,N/A,N/A,1784164991796299.821	,37.581,63.679000,0,0,N/A,N/A,N/A,N/A,N/A,N/A,N/A,N/A,N/A,N/A,N/A,N/A,N/A,N/A,N/A,N/A,N/A,N/A,N/A,N/A,N/A,N/A,N/A,N/A,N/A,N/A,N/A,N/A,N/A,N/A,N/A,N/A,N/A
0,4294967295,20,43,PYPTO_mul_kernel_2d,N/A,N/A,N/A,1784164991796308.642	,68.861,0.000000,0,0,N/A,N/A,N/A,N/A,N/A,N/A,N/A,N/A,N/A,N/A,N/A,N/A,N/A,N/A,N/A,N/A,N/A,N/A,N/A,N/A,N/A,N/A,N/A,N/A,N/A,N/A,N/A,N/A,N/A,N/A,N/A,N/A,N/A
0,4294967295,19,46,PYPTO_mul_kernel_2d,N/A,N/A,N/A,1784164991796312.302	,61.801,0.000000,0,0,N/A,N/A,N/A,N/A,N/A,N/A,N/A,0,0.0,1694286,0.0,0.0,0.0,0.979,0.0,0.0,0.0,0.0,0.0,0.0,0.0,0.0,0,0.0,0.0,0.0,0.0,0.0,0.0,0.0,0.0,0.0,83.076
0,4294967295,21,42,PYPTO_mul_kernel_2d,N/A,N/A,N/A,1784164991796442.704	,49.821,68.699000,0,0,N/A,N/A,N/A,N/A,N/A,N/A,N/A,N/A,N/A,N/A,N/A,N/A,N/A,N/A,N/A,N/A,N/A,N/A,N/A,N/A,N/A,N/A,N/A,N/A,N/A,N/A,N/A,N/A,N/A,N/A,N/A,N/A,N/A
0,4294967295,22,43,PYPTO_mul_kernel_2d,N/A,N/A,N/A,1784164991796451.464	,79.462,0.000000,0,0,N/A,N/A,N/A,N/A,N/A,N/A,N/A,N/A,N/A,N/A,N/A,N/A,N/A,N/A,N/A,N/A,N/A,N/A,N/A,N/A,N/A,N/A,N/A,N/A,N/A,N/A,N/A,N/A,N/A,N/A,N/A,N/A,N/A
0,4294967295,21,46,PYPTO_mul_kernel_2d,N/A,N/A,N/A,1784164991796455.385	,69.621,0.000000,0,0,N/A,N/A,N/A,N/A,N/A,N/A,N/A,0,0.0,1981290,0.0,0.0,0.0,0.991,0.0,0.0,0.0,0.0,0.0,0.0,0.0,0.0,0,0.0,0.0,0.0,0.0,0.0,0.0,0.0,0.0,0.0,86.237
0,4294967295,23,42,PYPTO_mul_kernel_2d,N/A,N/A,N/A,1784164991796585.367	,48.561,60.129000,0,0,N/A,N/A,N/A,N/A,N/A,N/A,N/A,N/A,N/A,N/A,N/A,N/A,N/A,N/A,N/A,N/A,N/A,N/A,N/A,N/A,N/A,N/A,N/A,N/A,N/A,N/A,N/A,N/A,N/A,N/A,N/A,N/A,N/A
0,4294967295,24,43,PYPTO_mul_kernel_2d,N/A,N/A,N/A,1784164991796591.947	,81.642,0.000000,0,0,N/A,N/A,N/A,N/A,N/A,N/A,N/A,N/A,N/A,N/A,N/A,N/A,N/A,N/A,N/A,N/A,N/A,N/A,N/A,N/A,N/A,N/A,N/A,N/A,N/A,N/A,N/A,N/A,N/A,N/A,N/A,N/A,N/A
0,4294967295,23,46,PYPTO_mul_kernel_2d,N/A,N/A,N/A,1784164991796598.007	,70.002,0.000000,0,0,N/A,N/A,N/A,N/A,N/A,N/A,N/A,0,0.0,1939971,0.0,0.0,0.0,0.982,0.0,0.0,0.0,0.0,0.0,0.0,0.0,0.0,0,0.0,0.0,0.0,0.0,0.0,0.0,0.0,0.0,0.0,83.979
0,4294967295,25,42,PYPTO_mul_kernel_2d,N/A,N/A,N/A,1784164991796729.670	,37.561,61.748000,0,0,N/A,N/A,N/A,N/A,N/A,N/A,N/A,N/A,N/A,N/A,N/A,N/A,N/A,N/A,N/A,N/A,N/A,N/A,N/A,N/A,N/A,N/A,N/A,N/A,N/A,N/A,N/A,N/A,N/A,N/A,N/A,N/A,N/A
0,4294967295,26,43,PYPTO_mul_kernel_2d,N/A,N/A,N/A,1784164991796734.290	,72.182,0.000000,0,0,N/A,N/A,N/A,N/A,N/A,N/A,N/A,N/A,N/A,N/A,N/A,N/A,N/A,N/A,N/A,N/A,N/A,N/A,N/A,N/A,N/A,N/A,N/A,N/A,N/A,N/A,N/A,N/A,N/A,N/A,N/A,N/A,N/A
0,4294967295,25,46,PYPTO_mul_kernel_2d,N/A,N/A,N/A,1784164991796742.510	,60.441,0.000000,0,0,N/A,N/A,N/A,N/A,N/A,N/A,N/A,0,0.0,1661191,0.0,0.0,0.0,0.982,0.0,0.0,0.0,0.0,0.0,0.0,0.0,0.0,0,0.0,0.0,0.0,0.0,0.0,0.0,0.0,0.0,0.0,83.286
0,4294967295,27,42,PYPTO_mul_kernel_2d,N/A,N/A,N/A,1784164991796879.753	,50.541,76.809000,0,0,N/A,N/A,N/A,N/A,N/A,N/A,N/A,N/A,N/A,N/A,N/A,N/A,N/A,N/A,N/A,N/A,N/A,N/A,N/A,N/A,N/A,N/A,N/A,N/A,N/A,N/A,N/A,N/A,N/A,N/A,N/A,N/A,N/A
0,4294967295,28,43,PYPTO_mul_kernel_2d,N/A,N/A,N/A,1784164991796888.753	,79.462,0.000000,0,0,N/A,N/A,N/A,N/A,N/A,N/A,N/A,N/A,N/A,N/A,N/A,N/A,N/A,N/A,N/A,N/A,N/A,N/A,N/A,N/A,N/A,N/A,N/A,N/A,N/A,N/A,N/A,N/A,N/A,N/A,N/A,N/A,N/A
0,4294967295,27,46,PYPTO_mul_kernel_2d,N/A,N/A,N/A,1784164991796892.693	,69.342,0.000000,0,0,N/A,N/A,N/A,N/A,N/A,N/A,N/A,0,0.0,1955786,0.0,0.0,0.0,0.989,0.0,0.0,0.0,0.0,0.0,0.0,0.0,0.0,0,0.0,0.0,0.0,0.0,0.0,0.0,0.0,0.0,0.0,85.469
0,4294967295,29,42,PYPTO_mul_kernel_2d,N/A,N/A,N/A,1784164991797022.636	,46.801,60.658000,0,0,N/A,N/A,N/A,N/A,N/A,N/A,N/A,N/A,N/A,N/A,N/A,N/A,N/A,N/A,N/A,N/A,N/A,N/A,N/A,N/A,N/A,N/A,N/A,N/A,N/A,N/A,N/A,N/A,N/A,N/A,N/A,N/A,N/A
0,4294967295,30,43,PYPTO_mul_kernel_2d,N/A,N/A,N/A,1784164991797031.956	,77.222,0.000000,0,0,N/A,N/A,N/A,N/A,N/A,N/A,N/A,N/A,N/A,N/A,N/A,N/A,N/A,N/A,N/A,N/A,N/A,N/A,N/A,N/A,N/A,N/A,N/A,N/A,N/A,N/A,N/A,N/A,N/A,N/A,N/A,N/A,N/A
0,4294967295,29,46,PYPTO_mul_kernel_2d,N/A,N/A,N/A,1784164991797035.376	,68.021,0.000000,0,0,N/A,N/A,N/A,N/A,N/A,N/A,N/A,0,0.0,1893908,0.0,0.0,0.0,0.981,0.0,0.0,0.0,0.0,0.0,0.0,0.0,0.0,0,0.0,0.0,0.0,0.0,0.0,0.0,0.0,0.0,0.0,84.373
0,4294967295,31,42,PYPTO_mul_kernel_2d,N/A,N/A,N/A,1784164991797165.479	,36.600,61.979000,0,0,N/A,N/A,N/A,N/A,N/A,N/A,N/A,N/A,N/A,N/A,N/A,N/A,N/A,N/A,N/A,N/A,N/A,N/A,N/A,N/A,N/A,N/A,N/A,N/A,N/A,N/A,N/A,N/A,N/A,N/A,N/A,N/A,N/A
0,4294967295,32,43,PYPTO_mul_kernel_2d,N/A,N/A,N/A,1784164991797174.479	,65.501,0.000000,0,0,N/A,N/A,N/A,N/A,N/A,N/A,N/A,N/A,N/A,N/A,N/A,N/A,N/A,N/A,N/A,N/A,N/A,N/A,N/A,N/A,N/A,N/A,N/A,N/A,N/A,N/A,N/A,N/A,N/A,N/A,N/A,N/A,N/A
0,4294967295,31,46,PYPTO_mul_kernel_2d,N/A,N/A,N/A,1784164991797177.959	,58.601,0.000000,0,0,N/A,N/A,N/A,N/A,N/A,N/A,N/A,0,0.0,1570394,0.0,0.0,0.0,0.986,0.0,0.0,0.0,0.0,0.0,0.0,0.0,0.0,0,0.0,0.0,0.0,0.0,0.0,0.0,0.0,0.0,0.0,81.206
0,4294967295,34,43,PYPTO_mul_kernel_2d,N/A,N/A,N/A,1784164991797311.822	,90.501,75.149000,0,0,N/A,N/A,N/A,N/A,N/A,N/A,N/A,N/A,N/A,N/A,N/A,N/A,N/A,N/A,N/A,N/A,N/A,N/A,N/A,N/A,N/A,N/A,N/A,N/A,N/A,N/A,N/A,N/A,N/A,N/A,N/A,N/A,N/A
0,4294967295,33,42,PYPTO_mul_kernel_2d,N/A,N/A,N/A,1784164991797314.742	,45.881,0.000000,0,0,N/A,N/A,N/A,N/A,N/A,N/A,N/A,N/A,N/A,N/A,N/A,N/A,N/A,N/A,N/A,N/A,N/A,N/A,N/A,N/A,N/A,N/A,N/A,N/A,N/A,N/A,N/A,N/A,N/A,N/A,N/A,N/A,N/A
0,4294967295,33,46,PYPTO_mul_kernel_2d,N/A,N/A,N/A,1784164991797322.762	,71.941,0.000000,0,0,N/A,N/A,N/A,N/A,N/A,N/A,N/A,0,0.0,2047555,0.0,0.0,0.0,0.982,0.0,0.0,0.0,0.0,0.0,0.0,0.0,0.0,0,0.0,0.0,0.0,0.0,0.0,0.0,0.0,0.0,0.0,86.247
0,4294967295,35,42,PYPTO_mul_kernel_2d,N/A,N/A,N/A,1784164991797452.904	,49.781,58.309000,0,0,N/A,N/A,N/A,N/A,N/A,N/A,N/A,N/A,N/A,N/A,N/A,N/A,N/A,N/A,N/A,N/A,N/A,N/A,N/A,N/A,N/A,N/A,N/A,N/A,N/A,N/A,N/A,N/A,N/A,N/A,N/A,N/A,N/A
0,4294967295,36,43,PYPTO_mul_kernel_2d,N/A,N/A,N/A,1784164991797461.705	,81.501,0.000000,0,0,N/A,N/A,N/A,N/A,N/A,N/A,N/A,N/A,N/A,N/A,N/A,N/A,N/A,N/A,N/A,N/A,N/A,N/A,N/A,N/A,N/A,N/A,N/A,N/A,N/A,N/A,N/A,N/A,N/A,N/A,N/A,N/A,N/A
0,4294967295,35,46,PYPTO_mul_kernel_2d,N/A,N/A,N/A,1784164991797465.925	,70.161,0.000000,0,0,N/A,N/A,N/A,N/A,N/A,N/A,N/A,0,0.0,1967417,0.0,0.0,0.0,0.992,0.0,0.0,0.0,0.0,0.0,0.0,0.0,0.0,0,0.0,0.0,0.0,0.0,0.0,0.0,0.0,0.0,0.0,84.974
0,4294967295,37,42,PYPTO_mul_kernel_2d,N/A,N/A,N/A,1784164991797594.247	,37.921,58.089000,0,0,N/A,N/A,N/A,N/A,N/A,N/A,N/A,N/A,N/A,N/A,N/A,N/A,N/A,N/A,N/A,N/A,N/A,N/A,N/A,N/A,N/A,N/A,N/A,N/A,N/A,N/A,N/A,N/A,N/A,N/A,N/A,N/A,N/A
0,4294967295,38,43,PYPTO_mul_kernel_2d,N/A,N/A,N/A,1784164991797600.767	,68.782,0.000000,0,0,N/A,N/A,N/A,N/A,N/A,N/A,N/A,N/A,N/A,N/A,N/A,N/A,N/A,N/A,N/A,N/A,N/A,N/A,N/A,N/A,N/A,N/A,N/A,N/A,N/A,N/A,N/A,N/A,N/A,N/A,N/A,N/A,N/A
0,4294967295,37,46,PYPTO_mul_kernel_2d,N/A,N/A,N/A,1784164991797607.328	,58.801,0.000000,0,0,N/A,N/A,N/A,N/A,N/A,N/A,N/A,0,0.0,1602213,0.0,0.0,0.0,0.981,0.0,0.0,0.0,0.0,0.0,0.0,0.0,0.0,0,0.0,0.0,0.0,0.0,0.0,0.0,0.0,0.0,0.0,82.570
0,4294967295,39,42,PYPTO_mul_kernel_2d,N/A,N/A,N/A,1784164991797732.450	,48.921,66.449000,0,0,N/A,N/A,N/A,N/A,N/A,N/A,N/A,N/A,N/A,N/A,N/A,N/A,N/A,N/A,N/A,N/A,N/A,N/A,N/A,N/A,N/A,N/A,N/A,N/A,N/A,N/A,N/A,N/A,N/A,N/A,N/A,N/A,N/A
0,4294967295,40,43,PYPTO_mul_kernel_2d,N/A,N/A,N/A,1784164991797738.990	,81.742,0.000000,0,0,N/A,N/A,N/A,N/A,N/A,N/A,N/A,N/A,N/A,N/A,N/A,N/A,N/A,N/A,N/A,N/A,N/A,N/A,N/A,N/A,N/A,N/A,N/A,N/A,N/A,N/A,N/A,N/A,N/A,N/A,N/A,N/A,N/A
0,4294967295,39,46,PYPTO_mul_kernel_2d,N/A,N/A,N/A,1784164991797745.590	,69.742,0.000000,0,0,N/A,N/A,N/A,N/A,N/A,N/A,N/A,0,0.0,1966738,0.0,0.0,0.0,0.993,0.0,0.0,0.0,0.0,0.0,0.0,0.0,0.0,0,0.0,0.0,0.0,0.0,0.0,0.0,0.0,0.0,0.0,85.455
0,4294967295,41,42,PYPTO_mul_kernel_2d,N/A,N/A,N/A,1784164991797870.553	,40.621,55.258000,0,0,N/A,N/A,N/A,N/A,N/A,N/A,N/A,N/A,N/A,N/A,N/A,N/A,N/A,N/A,N/A,N/A,N/A,N/A,N/A,N/A,N/A,N/A,N/A,N/A,N/A,N/A,N/A,N/A,N/A,N/A,N/A,N/A,N/A
0,4294967295,42,43,PYPTO_mul_kernel_2d,N/A,N/A,N/A,1784164991797877.313	,73.381,0.000000,0,0,N/A,N/A,N/A,N/A,N/A,N/A,N/A,N/A,N/A,N/A,N/A,N/A,N/A,N/A,N/A,N/A,N/A,N/A,N/A,N/A,N/A,N/A,N/A,N/A,N/A,N/A,N/A,N/A,N/A,N/A,N/A,N/A,N/A
0,4294967295,41,46,PYPTO_mul_kernel_2d,N/A,N/A,N/A,1784164991797883.453	,61.561,0.000000,0,0,N/A,N/A,N/A,N/A,N/A,N/A,N/A,0,0.0,1687579,0.0,0.0,0.0,0.981,0.0,0.0,0.0,0.0,0.0,0.0,0.0,0.0,0,0.0,0.0,0.0,0.0,0.0,0.0,0.0,0.0,0.0,83.070
0,4294967295,43,42,PYPTO_mul_kernel_2d,N/A,N/A,N/A,1784164991798018.396	,32.960,73.439000,0,0,N/A,N/A,N/A,N/A,N/A,N/A,N/A,N/A,N/A,N/A,N/A,N/A,N/A,N/A,N/A,N/A,N/A,N/A,N/A,N/A,N/A,N/A,N/A,N/A,N/A,N/A,N/A,N/A,N/A,N/A,N/A,N/A,N/A
0,4294967295,43,46,PYPTO_mul_kernel_2d,N/A,N/A,N/A,1784164991798025.396	,60.461,0.000000,0,0,N/A,N/A,N/A,N/A,N/A,N/A,N/A,0,0.0,1675993,0.0,0.0,0.0,0.986,0.0,0.0,0.0,0.0,0.0,0.0,0.0,0.0,0,0.0,0.0,0.0,0.0,0.0,0.0,0.0,0.0,0.0,84.001
0,4294967295,44,43,PYPTO_mul_kernel_2d,N/A,N/A,N/A,1784164991798027.576	,61.781,0.000000,0,0,N/A,N/A,N/A,N/A,N/A,N/A,N/A,N/A,N/A,N/A,N/A,N/A,N/A,N/A,N/A,N/A,N/A,N/A,N/A,N/A,N/A,N/A,N/A,N/A,N/A,N/A,N/A,N/A,N/A,N/A,N/A,N/A,N/A
0,4294967295,46,43,PYPTO_mul_kernel_2d,N/A,N/A,N/A,1784164991798172.839	,80.521,83.469000,0,0,N/A,N/A,N/A,N/A,N/A,N/A,N/A,N/A,N/A,N/A,N/A,N/A,N/A,N/A,N/A,N/A,N/A,N/A,N/A,N/A,N/A,N/A,N/A,N/A,N/A,N/A,N/A,N/A,N/A,N/A,N/A,N/A,N/A
0,4294967295,45,42,PYPTO_mul_kernel_2d,N/A,N/A,N/A,1784164991798174.699	,37.761,0.000000,0,0,N/A,N/A,N/A,N/A,N/A,N/A,N/A,N/A,N/A,N/A,N/A,N/A,N/A,N/A,N/A,N/A,N/A,N/A,N/A,N/A,N/A,N/A,N/A,N/A,N/A,N/A,N/A,N/A,N/A,N/A,N/A,N/A,N/A
0,4294967295,45,46,PYPTO_mul_kernel_2d,N/A,N/A,N/A,1784164991798186.819	,60.701,0.000000,0,0,N/A,N/A,N/A,N/A,N/A,N/A,N/A,0,0.0,1659763,0.0,0.0,0.0,0.982,0.0,0.0,0.0,0.0,0.0,0.0,0.0,0.0,0,0.0,0.0,0.0,0.0,0.0,0.0,0.0,0.0,0.0,82.858
0,4294967295,47,42,PYPTO_mul_kernel_2d,N/A,N/A,N/A,1784164991798321.922	,42.841,74.549000,0,0,N/A,N/A,N/A,N/A,N/A,N/A,N/A,N/A,N/A,N/A,N/A,N/A,N/A,N/A,N/A,N/A,N/A,N/A,N/A,N/A,N/A,N/A,N/A,N/A,N/A,N/A,N/A,N/A,N/A,N/A,N/A,N/A,N/A
0,4294967295,48,43,PYPTO_mul_kernel_2d,N/A,N/A,N/A,1784164991798328.322	,76.141,0.000000,0,0,N/A,N/A,N/A,N/A,N/A,N/A,N/A,N/A,N/A,N/A,N/A,N/A,N/A,N/A,N/A,N/A,N/A,N/A,N/A,N/A,N/A,N/A,N/A,N/A,N/A,N/A,N/A,N/A,N/A,N/A,N/A,N/A,N/A
0,4294967295,47,46,PYPTO_mul_kernel_2d,N/A,N/A,N/A,1784164991798334.622	,62.401,0.000000,0,0,N/A,N/A,N/A,N/A,N/A,N/A,N/A,0,0.0,1727390,0.0,0.0,0.0,0.991,0.0,0.0,0.0,0.0,0.0,0.0,0.0,0.0,0,0.0,0.0,0.0,0.0,0.0,0.0,0.0,0.0,0.0,83.885
0,4294967295,49,42,PYPTO_mul_kernel_2d,N/A,N/A,N/A,1784164991798462.665	,34.280,65.849000,0,0,N/A,N/A,N/A,N/A,N/A,N/A,N/A,N/A,N/A,N/A,N/A,N/A,N/A,N/A,N/A,N/A,N/A,N/A,N/A,N/A,N/A,N/A,N/A,N/A,N/A,N/A,N/A,N/A,N/A,N/A,N/A,N/A,N/A
0,4294967295,50,43,PYPTO_mul_kernel_2d,N/A,N/A,N/A,1784164991798471.465	,66.021,0.000000,0,0,N/A,N/A,N/A,N/A,N/A,N/A,N/A,N/A,N/A,N/A,N/A,N/A,N/A,N/A,N/A,N/A,N/A,N/A,N/A,N/A,N/A,N/A,N/A,N/A,N/A,N/A,N/A,N/A,N/A,N/A,N/A,N/A,N/A
0,4294967295,49,46,PYPTO_mul_kernel_2d,N/A,N/A,N/A,1784164991798475.325	,58.901,0.000000,0,0,N/A,N/A,N/A,N/A,N/A,N/A,N/A,0,0.0,1571656,0.0,0.0,0.0,0.979,0.0,0.0,0.0,0.0,0.0,0.0,0.0,0.0,0,0.0,0.0,0.0,0.0,0.0,0.0,0.0,0.0,0.0,80.858
0,4294967295,52,43,PYPTO_mul_kernel_2d,N/A,N/A,N/A,1784164991798601.687	,72.742,67.599000,0,0,N/A,N/A,N/A,N/A,N/A,N/A,N/A,N/A,N/A,N/A,N/A,N/A,N/A,N/A,N/A,N/A,N/A,N/A,N/A,N/A,N/A,N/A,N/A,N/A,N/A,N/A,N/A,N/A,N/A,N/A,N/A,N/A,N/A
0,4294967295,51,42,PYPTO_mul_kernel_2d,N/A,N/A,N/A,1784164991798603.687	,30.301,0.000000,0,0,N/A,N/A,N/A,N/A,N/A,N/A,N/A,N/A,N/A,N/A,N/A,N/A,N/A,N/A,N/A,N/A,N/A,N/A,N/A,N/A,N/A,N/A,N/A,N/A,N/A,N/A,N/A,N/A,N/A,N/A,N/A,N/A,N/A
0,4294967295,51,46,PYPTO_mul_kernel_2d,N/A,N/A,N/A,1784164991798609.728	,58.961,0.000000,0,0,N/A,N/A,N/A,N/A,N/A,N/A,N/A,0,0.0,1606153,0.0,0.0,0.0,0.979,0.0,0.0,0.0,0.0,0.0,0.0,0.0,0.0,0,0.0,0.0,0.0,0.0,0.0,0.0,0.0,0.0,0.0,82.548
0,4294967295,54,43,PYPTO_mul_kernel_2d,N/A,N/A,N/A,1784164991798744.750	,103.562,76.039000,0,0,N/A,N/A,N/A,N/A,N/A,N/A,N/A,N/A,N/A,N/A,N/A,N/A,N/A,N/A,N/A,N/A,N/A,N/A,N/A,N/A,N/A,N/A,N/A,N/A,N/A,N/A,N/A,N/A,N/A,N/A,N/A,N/A,N/A
0,4294967295,53,42,PYPTO_mul_kernel_2d,N/A,N/A,N/A,1784164991798747.950	,59.782,0.000000,0,0,N/A,N/A,N/A,N/A,N/A,N/A,N/A,N/A,N/A,N/A,N/A,N/A,N/A,N/A,N/A,N/A,N/A,N/A,N/A,N/A,N/A,N/A,N/A,N/A,N/A,N/A,N/A,N/A,N/A,N/A,N/A,N/A,N/A
0,4294967295,53,46,PYPTO_mul_kernel_2d,N/A,N/A,N/A,1784164991798755.630	,86.682,0.000000,0,0,N/A,N/A,N/A,N/A,N/A,N/A,N/A,0,0.0,2529064,0.0,0.0,0.0,0.988,0.0,0.0,0.0,0.0,0.0,0.0,0.0,0.0,0,0.0,0.0,0.0,0.0,0.0,0.0,0.0,0.0,0.0,88.413
0,4294967295,55,42,PYPTO_mul_kernel_2d,N/A,N/A,N/A,1784164991798886.033	,41.861,43.568000,0,0,N/A,N/A,N/A,N/A,N/A,N/A,N/A,N/A,N/A,N/A,N/A,N/A,N/A,N/A,N/A,N/A,N/A,N/A,N/A,N/A,N/A,N/A,N/A,N/A,N/A,N/A,N/A,N/A,N/A,N/A,N/A,N/A,N/A
0,4294967295,56,43,PYPTO_mul_kernel_2d,N/A,N/A,N/A,1784164991798894.873	,70.542,0.000000,0,0,N/A,N/A,N/A,N/A,N/A,N/A,N/A,N/A,N/A,N/A,N/A,N/A,N/A,N/A,N/A,N/A,N/A,N/A,N/A,N/A,N/A,N/A,N/A,N/A,N/A,N/A,N/A,N/A,N/A,N/A,N/A,N/A,N/A
0,4294967295,55,46,PYPTO_mul_kernel_2d,N/A,N/A,N/A,1784164991798899.113	,62.802,0.000000,0,0,N/A,N/A,N/A,N/A,N/A,N/A,N/A,0,0.0,1723088,0.0,0.0,0.0,0.994,0.0,0.0,0.0,0.0,0.0,0.0,0.0,0.0,0,0.0,0.0,0.0,0.0,0.0,0.0,0.0,0.0,0.0,83.142
0,4294967295,57,42,PYPTO_mul_kernel_2d,N/A,N/A,N/A,1784164991799026.036	,49.421,64.198000,0,0,N/A,N/A,N/A,N/A,N/A,N/A,N/A,N/A,N/A,N/A,N/A,N/A,N/A,N/A,N/A,N/A,N/A,N/A,N/A,N/A,N/A,N/A,N/A,N/A,N/A,N/A,N/A,N/A,N/A,N/A,N/A,N/A,N/A
0,4294967295,58,43,PYPTO_mul_kernel_2d,N/A,N/A,N/A,1784164991799035.136	,79.662,0.000000,0,0,N/A,N/A,N/A,N/A,N/A,N/A,N/A,N/A,N/A,N/A,N/A,N/A,N/A,N/A,N/A,N/A,N/A,N/A,N/A,N/A,N/A,N/A,N/A,N/A,N/A,N/A,N/A,N/A,N/A,N/A,N/A,N/A,N/A
0,4294967295,57,46,PYPTO_mul_kernel_2d,N/A,N/A,N/A,1784164991799039.156	,69.822,0.000000,0,0,N/A,N/A,N/A,N/A,N/A,N/A,N/A,0,0.0,1962534,0.0,0.0,0.0,0.991,0.0,0.0,0.0,0.0,0.0,0.0,0.0,0.0,0,0.0,0.0,0.0,0.0,0.0,0.0,0.0,0.0,0.0,85.175
0,4294967295,59,42,PYPTO_mul_kernel_2d,N/A,N/A,N/A,1784164991799171.099	,44.621,61.928000,0,0,N/A,N/A,N/A,N/A,N/A,N/A,N/A,N/A,N/A,N/A,N/A,N/A,N/A,N/A,N/A,N/A,N/A,N/A,N/A,N/A,N/A,N/A,N/A,N/A,N/A,N/A,N/A,N/A,N/A,N/A,N/A,N/A,N/A
0,4294967295,60,43,PYPTO_mul_kernel_2d,N/A,N/A,N/A,1784164991799175.779	,79.841,0.000000,0,0,N/A,N/A,N/A,N/A,N/A,N/A,N/A,N/A,N/A,N/A,N/A,N/A,N/A,N/A,N/A,N/A,N/A,N/A,N/A,N/A,N/A,N/A,N/A,N/A,N/A,N/A,N/A,N/A,N/A,N/A,N/A,N/A,N/A
0,4294967295,59,46,PYPTO_mul_kernel_2d,N/A,N/A,N/A,1784164991799183.599	,66.381,0.000000,0,0,N/A,N/A,N/A,N/A,N/A,N/A,N/A,0,0.0,1827697,0.0,0.0,0.0,0.978,0.0,0.0,0.0,0.0,0.0,0.0,0.0,0.0,0,0.0,0.0,0.0,0.0,0.0,0.0,0.0,0.0,0.0,83.435
0,4294967295,61,42,PYPTO_mul_kernel_2d,N/A,N/A,N/A,1784164991799312.622	,39.520,62.619000,0,0,N/A,N/A,N/A,N/A,N/A,N/A,N/A,N/A,N/A,N/A,N/A,N/A,N/A,N/A,N/A,N/A,N/A,N/A,N/A,N/A,N/A,N/A,N/A,N/A,N/A,N/A,N/A,N/A,N/A,N/A,N/A,N/A,N/A
0,4294967295,62,43,PYPTO_mul_kernel_2d,N/A,N/A,N/A,1784164991799321.302	,69.221,0.000000,0,0,N/A,N/A,N/A,N/A,N/A,N/A,N/A,N/A,N/A,N/A,N/A,N/A,N/A,N/A,N/A,N/A,N/A,N/A,N/A,N/A,N/A,N/A,N/A,N/A,N/A,N/A,N/A,N/A,N/A,N/A,N/A,N/A,N/A
0,4294967295,61,46,PYPTO_mul_kernel_2d,N/A,N/A,N/A,1784164991799325.202	,61.201,0.000000,0,0,N/A,N/A,N/A,N/A,N/A,N/A,N/A,0,0.0,1684881,0.0,0.0,0.0,0.986,0.0,0.0,0.0,0.0,0.0,0.0,0.0,0.0,0,0.0,0.0,0.0,0.0,0.0,0.0,0.0,0.0,0.0,83.425
0,4294967295,63,42,PYPTO_mul_kernel_2d,N/A,N/A,N/A,1784164991799453.524	,47.281,67.049000,0,0,N/A,N/A,N/A,N/A,N/A,N/A,N/A,N/A,N/A,N/A,N/A,N/A,N/A,N/A,N/A,N/A,N/A,N/A,N/A,N/A,N/A,N/A,N/A,N/A,N/A,N/A,N/A,N/A,N/A,N/A,N/A,N/A,N/A
0,4294967295,64,43,PYPTO_mul_kernel_2d,N/A,N/A,N/A,1784164991799474.205	,66.201,0.000000,0,0,N/A,N/A,N/A,N/A,N/A,N/A,N/A,N/A,N/A,N/A,N/A,N/A,N/A,N/A,N/A,N/A,N/A,N/A,N/A,N/A,N/A,N/A,N/A,N/A,N/A,N/A,N/A,N/A,N/A,N/A,N/A,N/A,N/A
0,4294967295,63,46,PYPTO_mul_kernel_2d,N/A,N/A,N/A,1784164991799480.965	,53.681,0.000000,0,0,N/A,N/A,N/A,N/A,N/A,N/A,N/A,0,0.0,1447243,0.0,0.0,0.0,0.988,0.0,0.0,0.0,0.0,0.0,0.0,0.0,0.0,0,0.0,0.0,0.0,0.0,0.0,0.0,0.0,0.0,0.0,81.697
0,4294967295,64,42,PYPTO_mul_kernel_2d,N/A,N/A,N/A,1784164991799820.032	,46.361,285.319000,0,0,N/A,N/A,N/A,N/A,N/A,N/A,N/A,N/A,N/A,N/A,N/A,N/A,N/A,N/A,N/A,N/A,N/A,N/A,N/A,N/A,N/A,N/A,N/A,N/A,N/A,N/A,N/A,N/A,N/A,N/A,N/A,N/A,N/A
0,4294967295,66,43,PYPTO_mul_kernel_2d,N/A,N/A,N/A,1784164991799825.852	,81.481,0.000000,0,0,N/A,N/A,N/A,N/A,N/A,N/A,N/A,N/A,N/A,N/A,N/A,N/A,N/A,N/A,N/A,N/A,N/A,N/A,N/A,N/A,N/A,N/A,N/A,N/A,N/A,N/A,N/A,N/A,N/A,N/A,N/A,N/A,N/A
0,4294967295,65,46,PYPTO_mul_kernel_2d,N/A,N/A,N/A,1784164991799832.872	,68.241,0.000000,0,0,N/A,N/A,N/A,N/A,N/A,N/A,N/A,0,0.0,1914617,0.0,0.0,0.0,0.984,0.0,0.0,0.0,0.0,0.0,0.0,0.0,0.0,0,0.0,0.0,0.0,0.0,0.0,0.0,0.0,0.0,0.0,85.020
0,4294967295,66,42,PYPTO_mul_kernel_2d,N/A,N/A,N/A,1784164991799970.475	,31.780,69.509000,0,0,N/A,N/A,N/A,N/A,N/A,N/A,N/A,N/A,N/A,N/A,N/A,N/A,N/A,N/A,N/A,N/A,N/A,N/A,N/A,N/A,N/A,N/A,N/A,N/A,N/A,N/A,N/A,N/A,N/A,N/A,N/A,N/A,N/A
0,4294967295,68,43,PYPTO_mul_kernel_2d,N/A,N/A,N/A,1784164991799974.655	,65.521,0.000000,0,0,N/A,N/A,N/A,N/A,N/A,N/A,N/A,N/A,N/A,N/A,N/A,N/A,N/A,N/A,N/A,N/A,N/A,N/A,N/A,N/A,N/A,N/A,N/A,N/A,N/A,N/A,N/A,N/A,N/A,N/A,N/A,N/A,N/A
0,4294967295,67,46,PYPTO_mul_kernel_2d,N/A,N/A,N/A,1784164991799983.195	,53.421,0.000000,0,0,N/A,N/A,N/A,N/A,N/A,N/A,N/A,0,0.0,1425477,0.0,0.0,0.0,0.984,0.0,0.0,0.0,0.0,0.0,0.0,0.0,0.0,0,0.0,0.0,0.0,0.0,0.0,0.0,0.0,0.0,0.0,80.860
0,4294967295,68,42,PYPTO_mul_kernel_2d,N/A,N/A,N/A,1784164991800101.757	,50.581,65.079000,0,0,N/A,N/A,N/A,N/A,N/A,N/A,N/A,N/A,N/A,N/A,N/A,N/A,N/A,N/A,N/A,N/A,N/A,N/A,N/A,N/A,N/A,N/A,N/A,N/A,N/A,N/A,N/A,N/A,N/A,N/A,N/A,N/A,N/A
0,4294967295,70,43,PYPTO_mul_kernel_2d,N/A,N/A,N/A,1784164991800108.378	,83.761,0.000000,0,0,N/A,N/A,N/A,N/A,N/A,N/A,N/A,N/A,N/A,N/A,N/A,N/A,N/A,N/A,N/A,N/A,N/A,N/A,N/A,N/A,N/A,N/A,N/A,N/A,N/A,N/A,N/A,N/A,N/A,N/A,N/A,N/A,N/A
0,4294967295,69,46,PYPTO_mul_kernel_2d,N/A,N/A,N/A,1784164991800114.838	,70.441,0.000000,0,0,N/A,N/A,N/A,N/A,N/A,N/A,N/A,0,0.0,1988463,0.0,0.0,0.0,0.991,0.0,0.0,0.0,0.0,0.0,0.0,0.0,0.0,0,0.0,0.0,0.0,0.0,0.0,0.0,0.0,0.0,0.0,85.542
0,4294967295,70,42,PYPTO_mul_kernel_2d,N/A,N/A,N/A,1784164991800227.040	,44.001,41.809000,0,0,N/A,N/A,N/A,N/A,N/A,N/A,N/A,N/A,N/A,N/A,N/A,N/A,N/A,N/A,N/A,N/A,N/A,N/A,N/A,N/A,N/A,N/A,N/A,N/A,N/A,N/A,N/A,N/A,N/A,N/A,N/A,N/A,N/A
0,4294967295,72,43,PYPTO_mul_kernel_2d,N/A,N/A,N/A,1784164991800235.540	,74.502,0.000000,0,0,N/A,N/A,N/A,N/A,N/A,N/A,N/A,N/A,N/A,N/A,N/A,N/A,N/A,N/A,N/A,N/A,N/A,N/A,N/A,N/A,N/A,N/A,N/A,N/A,N/A,N/A,N/A,N/A,N/A,N/A,N/A,N/A,N/A
0,4294967295,71,46,PYPTO_mul_kernel_2d,N/A,N/A,N/A,1784164991800239.620	,64.241,0.000000,0,0,N/A,N/A,N/A,N/A,N/A,N/A,N/A,0,0.0,1798372,0.0,0.0,0.0,0.981,0.0,0.0,0.0,0.0,0.0,0.0,0.0,0.0,0,0.0,0.0,0.0,0.0,0.0,0.0,0.0,0.0,0.0,84.831
0,4294967295,74,43,PYPTO_mul_kernel_2d,N/A,N/A,N/A,1784164991800361.883	,84.061,58.259000,0,0,N/A,N/A,N/A,N/A,N/A,N/A,N/A,N/A,N/A,N/A,N/A,N/A,N/A,N/A,N/A,N/A,N/A,N/A,N/A,N/A,N/A,N/A,N/A,N/A,N/A,N/A,N/A,N/A,N/A,N/A,N/A,N/A,N/A
0,4294967295,72,42,PYPTO_mul_kernel_2d,N/A,N/A,N/A,1784164991800365.223	,41.480,0.000000,0,0,N/A,N/A,N/A,N/A,N/A,N/A,N/A,N/A,N/A,N/A,N/A,N/A,N/A,N/A,N/A,N/A,N/A,N/A,N/A,N/A,N/A,N/A,N/A,N/A,N/A,N/A,N/A,N/A,N/A,N/A,N/A,N/A,N/A
0,4294967295,73,46,PYPTO_mul_kernel_2d,N/A,N/A,N/A,1784164991800373.263	,69.041,0.000000,0,0,N/A,N/A,N/A,N/A,N/A,N/A,N/A,0,0.0,1930433,0.0,0.0,0.0,0.989,0.0,0.0,0.0,0.0,0.0,0.0,0.0,0.0,0,0.0,0.0,0.0,0.0,0.0,0.0,0.0,0.0,0.0,84.729
0,4294967295,74,42,PYPTO_mul_kernel_2d,N/A,N/A,N/A,1784164991800485.005	,50.041,42.709000,0,0,N/A,N/A,N/A,N/A,N/A,N/A,N/A,N/A,N/A,N/A,N/A,N/A,N/A,N/A,N/A,N/A,N/A,N/A,N/A,N/A,N/A,N/A,N/A,N/A,N/A,N/A,N/A,N/A,N/A,N/A,N/A,N/A,N/A
0,4294967295,76,43,PYPTO_mul_kernel_2d,N/A,N/A,N/A,1784164991800493.685	,84.582,0.000000,0,0,N/A,N/A,N/A,N/A,N/A,N/A,N/A,N/A,N/A,N/A,N/A,N/A,N/A,N/A,N/A,N/A,N/A,N/A,N/A,N/A,N/A,N/A,N/A,N/A,N/A,N/A,N/A,N/A,N/A,N/A,N/A,N/A,N/A
0,4294967295,75,46,PYPTO_mul_kernel_2d,N/A,N/A,N/A,1784164991800498.025	,70.442,0.000000,0,0,N/A,N/A,N/A,N/A,N/A,N/A,N/A,0,0.0,1990106,0.0,0.0,0.0,0.991,0.0,0.0,0.0,0.0,0.0,0.0,0.0,0.0,0,0.0,0.0,0.0,0.0,0.0,0.0,0.0,0.0,0.0,85.611
0,4294967295,76,42,PYPTO_mul_kernel_2d,N/A,N/A,N/A,1784164991800616.528	,45.081,48.058000,0,0,N/A,N/A,N/A,N/A,N/A,N/A,N/A,N/A,N/A,N/A,N/A,N/A,N/A,N/A,N/A,N/A,N/A,N/A,N/A,N/A,N/A,N/A,N/A,N/A,N/A,N/A,N/A,N/A,N/A,N/A,N/A,N/A,N/A
0,4294967295,78,43,PYPTO_mul_kernel_2d,N/A,N/A,N/A,1784164991800623.048	,79.261,0.000000,0,0,N/A,N/A,N/A,N/A,N/A,N/A,N/A,N/A,N/A,N/A,N/A,N/A,N/A,N/A,N/A,N/A,N/A,N/A,N/A,N/A,N/A,N/A,N/A,N/A,N/A,N/A,N/A,N/A,N/A,N/A,N/A,N/A,N/A
0,4294967295,77,46,PYPTO_mul_kernel_2d,N/A,N/A,N/A,1784164991800629.428	,67.421,0.000000,0,0,N/A,N/A,N/A,N/A,N/A,N/A,N/A,0,0.0,1873105,0.0,0.0,0.0,0.982,0.0,0.0,0.0,0.0,0.0,0.0,0.0,0.0,0,0.0,0.0,0.0,0.0,0.0,0.0,0.0,0.0,0.0,84.189
0,4294967295,78,42,PYPTO_mul_kernel_2d,N/A,N/A,N/A,1784164991800742.870	,36.481,45.829000,0,0,N/A,N/A,N/A,N/A,N/A,N/A,N/A,N/A,N/A,N/A,N/A,N/A,N/A,N/A,N/A,N/A,N/A,N/A,N/A,N/A,N/A,N/A,N/A,N/A,N/A,N/A,N/A,N/A,N/A,N/A,N/A,N/A,N/A
0,4294967295,80,43,PYPTO_mul_kernel_2d,N/A,N/A,N/A,1784164991800747.130	,69.562,0.000000,0,0,N/A,N/A,N/A,N/A,N/A,N/A,N/A,N/A,N/A,N/A,N/A,N/A,N/A,N/A,N/A,N/A,N/A,N/A,N/A,N/A,N/A,N/A,N/A,N/A,N/A,N/A,N/A,N/A,N/A,N/A,N/A,N/A,N/A
0,4294967295,79,46,PYPTO_mul_kernel_2d,N/A,N/A,N/A,1784164991800755.890	,57.482,0.000000,0,0,N/A,N/A,N/A,N/A,N/A,N/A,N/A,0,0.0,1553887,0.0,0.0,0.0,0.982,0.0,0.0,0.0,0.0,0.0,0.0,0.0,0.0,0,0.0,0.0,0.0,0.0,0.0,0.0,0.0,0.0,0.0,81.917
0,4294967295,80,42,PYPTO_mul_kernel_2d,N/A,N/A,N/A,1784164991800869.773	,50.041,56.268000,0,0,N/A,N/A,N/A,N/A,N/A,N/A,N/A,N/A,N/A,N/A,N/A,N/A,N/A,N/A,N/A,N/A,N/A,N/A,N/A,N/A,N/A,N/A,N/A,N/A,N/A,N/A,N/A,N/A,N/A,N/A,N/A,N/A,N/A
0,4294967295,82,43,PYPTO_mul_kernel_2d,N/A,N/A,N/A,1784164991800876.193	,83.662,0.000000,0,0,N/A,N/A,N/A,N/A,N/A,N/A,N/A,N/A,N/A,N/A,N/A,N/A,N/A,N/A,N/A,N/A,N/A,N/A,N/A,N/A,N/A,N/A,N/A,N/A,N/A,N/A,N/A,N/A,N/A,N/A,N/A,N/A,N/A
0,4294967295,81,46,PYPTO_mul_kernel_2d,N/A,N/A,N/A,1784164991800882.853	,70.381,0.000000,0,0,N/A,N/A,N/A,N/A,N/A,N/A,N/A,0,0.0,1986907,0.0,0.0,0.0,0.991,0.0,0.0,0.0,0.0,0.0,0.0,0.0,0.0,0,0.0,0.0,0.0,0.0,0.0,0.0,0.0,0.0,0.0,85.548
0,4294967295,84,43,PYPTO_mul_kernel_2d,N/A,N/A,N/A,1784164991800999.975	,85.782,46.869000,0,0,N/A,N/A,N/A,N/A,N/A,N/A,N/A,N/A,N/A,N/A,N/A,N/A,N/A,N/A,N/A,N/A,N/A,N/A,N/A,N/A,N/A,N/A,N/A,N/A,N/A,N/A,N/A,N/A,N/A,N/A,N/A,N/A,N/A
0,4294967295,82,42,PYPTO_mul_kernel_2d,N/A,N/A,N/A,1784164991801003.195	,40.281,0.000000,0,0,N/A,N/A,N/A,N/A,N/A,N/A,N/A,N/A,N/A,N/A,N/A,N/A,N/A,N/A,N/A,N/A,N/A,N/A,N/A,N/A,N/A,N/A,N/A,N/A,N/A,N/A,N/A,N/A,N/A,N/A,N/A,N/A,N/A
0,4294967295,83,46,PYPTO_mul_kernel_2d,N/A,N/A,N/A,1784164991801011.156	,68.001,0.000000,0,0,N/A,N/A,N/A,N/A,N/A,N/A,N/A,0,0.0,1915844,0.0,0.0,0.0,0.989,0.0,0.0,0.0,0.0,0.0,0.0,0.0,0.0,0,0.0,0.0,0.0,0.0,0.0,0.0,0.0,0.0,0.0,85.375
0,4294967295,84,42,PYPTO_mul_kernel_2d,N/A,N/A,N/A,1784164991801123.718	,39.661,44.499000,0,0,N/A,N/A,N/A,N/A,N/A,N/A,N/A,N/A,N/A,N/A,N/A,N/A,N/A,N/A,N/A,N/A,N/A,N/A,N/A,N/A,N/A,N/A,N/A,N/A,N/A,N/A,N/A,N/A,N/A,N/A,N/A,N/A,N/A
0,4294967295,86,43,PYPTO_mul_kernel_2d,N/A,N/A,N/A,1784164991801130.338	,71.101,0.000000,0,0,N/A,N/A,N/A,N/A,N/A,N/A,N/A,N/A,N/A,N/A,N/A,N/A,N/A,N/A,N/A,N/A,N/A,N/A,N/A,N/A,N/A,N/A,N/A,N/A,N/A,N/A,N/A,N/A,N/A,N/A,N/A,N/A,N/A
0,4294967295,85,46,PYPTO_mul_kernel_2d,N/A,N/A,N/A,1784164991801136.478	,61.381,0.000000,0,0,N/A,N/A,N/A,N/A,N/A,N/A,N/A,0,0.0,1680010,0.0,0.0,0.0,0.992,0.0,0.0,0.0,0.0,0.0,0.0,0.0,0.0,0,0.0,0.0,0.0,0.0,0.0,0.0,0.0,0.0,0.0,82.940
0,4294967295,86,42,PYPTO_mul_kernel_2d,N/A,N/A,N/A,1784164991801252.700	,47.741,54.869000,0,0,N/A,N/A,N/A,N/A,N/A,N/A,N/A,N/A,N/A,N/A,N/A,N/A,N/A,N/A,N/A,N/A,N/A,N/A,N/A,N/A,N/A,N/A,N/A,N/A,N/A,N/A,N/A,N/A,N/A,N/A,N/A,N/A,N/A
0,4294967295,88,43,PYPTO_mul_kernel_2d,N/A,N/A,N/A,1784164991801259.161	,79.041,0.000000,0,0,N/A,N/A,N/A,N/A,N/A,N/A,N/A,N/A,N/A,N/A,N/A,N/A,N/A,N/A,N/A,N/A,N/A,N/A,N/A,N/A,N/A,N/A,N/A,N/A,N/A,N/A,N/A,N/A,N/A,N/A,N/A,N/A,N/A
0,4294967295,87,46,PYPTO_mul_kernel_2d,N/A,N/A,N/A,1784164991801265.301	,68.221,0.000000,0,0,N/A,N/A,N/A,N/A,N/A,N/A,N/A,0,0.0,1916063,0.0,0.0,0.0,0.991,0.0,0.0,0.0,0.0,0.0,0.0,0.0,0.0,0,0.0,0.0,0.0,0.0,0.0,0.0,0.0,0.0,0.0,85.109
0,4294967295,88,42,PYPTO_mul_kernel_2d,N/A,N/A,N/A,1784164991801374.783	,41.221,41.279000,0,0,N/A,N/A,N/A,N/A,N/A,N/A,N/A,N/A,N/A,N/A,N/A,N/A,N/A,N/A,N/A,N/A,N/A,N/A,N/A,N/A,N/A,N/A,N/A,N/A,N/A,N/A,N/A,N/A,N/A,N/A,N/A,N/A,N/A
0,4294967295,90,43,PYPTO_mul_kernel_2d,N/A,N/A,N/A,1784164991801381.483	,75.641,0.000000,0,0,N/A,N/A,N/A,N/A,N/A,N/A,N/A,N/A,N/A,N/A,N/A,N/A,N/A,N/A,N/A,N/A,N/A,N/A,N/A,N/A,N/A,N/A,N/A,N/A,N/A,N/A,N/A,N/A,N/A,N/A,N/A,N/A,N/A
0,4294967295,89,46,PYPTO_mul_kernel_2d,N/A,N/A,N/A,1784164991801387.603	,63.441,0.000000,0,0,N/A,N/A,N/A,N/A,N/A,N/A,N/A,0,0.0,1767231,0.0,0.0,0.0,0.979,0.0,0.0,0.0,0.0,0.0,0.0,0.0,0.0,0,0.0,0.0,0.0,0.0,0.0,0.0,0.0,0.0,0.0,84.413
0,4294967295,90,42,PYPTO_mul_kernel_2d,N/A,N/A,N/A,1784164991801497.225	,38.461,46.309000,0,0,N/A,N/A,N/A,N/A,N/A,N/A,N/A,N/A,N/A,N/A,N/A,N/A,N/A,N/A,N/A,N/A,N/A,N/A,N/A,N/A,N/A,N/A,N/A,N/A,N/A,N/A,N/A,N/A,N/A,N/A,N/A,N/A,N/A
0,4294967295,92,43,PYPTO_mul_kernel_2d,N/A,N/A,N/A,1784164991801506.045	,67.282,0.000000,0,0,N/A,N/A,N/A,N/A,N/A,N/A,N/A,N/A,N/A,N/A,N/A,N/A,N/A,N/A,N/A,N/A,N/A,N/A,N/A,N/A,N/A,N/A,N/A,N/A,N/A,N/A,N/A,N/A,N/A,N/A,N/A,N/A,N/A
0,4294967295,91,46,PYPTO_mul_kernel_2d,N/A,N/A,N/A,1784164991801509.826	,60.141,0.000000,0,0,N/A,N/A,N/A,N/A,N/A,N/A,N/A,0,0.0,1658059,0.0,0.0,0.0,0.98,0.0,0.0,0.0,0.0,0.0,0.0,0.0,0.0,0,0.0,0.0,0.0,0.0,0.0,0.0,0.0,0.0,0.0,83.544
0,4294967295,92,42,PYPTO_mul_kernel_2d,N/A,N/A,N/A,1784164991801626.468	,46.761,56.609000,0,0,N/A,N/A,N/A,N/A,N/A,N/A,N/A,N/A,N/A,N/A,N/A,N/A,N/A,N/A,N/A,N/A,N/A,N/A,N/A,N/A,N/A,N/A,N/A,N/A,N/A,N/A,N/A,N/A,N/A,N/A,N/A,N/A,N/A
0,4294967295,94,43,PYPTO_mul_kernel_2d,N/A,N/A,N/A,1784164991801635.268	,77.082,0.000000,0,0,N/A,N/A,N/A,N/A,N/A,N/A,N/A,N/A,N/A,N/A,N/A,N/A,N/A,N/A,N/A,N/A,N/A,N/A,N/A,N/A,N/A,N/A,N/A,N/A,N/A,N/A,N/A,N/A,N/A,N/A,N/A,N/A,N/A
0,4294967295,93,46,PYPTO_mul_kernel_2d,N/A,N/A,N/A,1784164991801639.068	,67.701,0.000000,0,0,N/A,N/A,N/A,N/A,N/A,N/A,N/A,0,0.0,1905541,0.0,0.0,0.0,0.991,0.0,0.0,0.0,0.0,0.0,0.0,0.0,0.0,0,0.0,0.0,0.0,0.0,0.0,0.0,0.0,0.0,0.0,85.292
0,4294967295,94,42,PYPTO_mul_kernel_2d,N/A,N/A,N/A,1784164991801755.750	,41.401,49.049000,0,0,N/A,N/A,N/A,N/A,N/A,N/A,N/A,N/A,N/A,N/A,N/A,N/A,N/A,N/A,N/A,N/A,N/A,N/A,N/A,N/A,N/A,N/A,N/A,N/A,N/A,N/A,N/A,N/A,N/A,N/A,N/A,N/A,N/A
0,4294967295,96,43,PYPTO_mul_kernel_2d,N/A,N/A,N/A,1784164991801764.531	,70.001,0.000000,0,0,N/A,N/A,N/A,N/A,N/A,N/A,N/A,N/A,N/A,N/A,N/A,N/A,N/A,N/A,N/A,N/A,N/A,N/A,N/A,N/A,N/A,N/A,N/A,N/A,N/A,N/A,N/A,N/A,N/A,N/A,N/A,N/A,N/A
0,4294967295,95,46,PYPTO_mul_kernel_2d,N/A,N/A,N/A,1784164991801768.531	,60.181,0.000000,0,0,N/A,N/A,N/A,N/A,N/A,N/A,N/A,0,0.0,1652686,0.0,0.0,0.0,0.981,0.0,0.0,0.0,0.0,0.0,0.0,0.0,0.0,0,0.0,0.0,0.0,0.0,0.0,0.0,0.0,0.0,0.0,83.218
0,4294967295,98,43,PYPTO_mul_kernel_2d,N/A,N/A,N/A,1784164991801878.313	,77.221,49.569000,0,0,N/A,N/A,N/A,N/A,N/A,N/A,N/A,N/A,N/A,N/A,N/A,N/A,N/A,N/A,N/A,N/A,N/A,N/A,N/A,N/A,N/A,N/A,N/A,N/A,N/A,N/A,N/A,N/A,N/A,N/A,N/A,N/A,N/A
0,4294967295,96,42,PYPTO_mul_kernel_2d,N/A,N/A,N/A,1784164991801879.973	,34.221,0.000000,0,0,N/A,N/A,N/A,N/A,N/A,N/A,N/A,N/A,N/A,N/A,N/A,N/A,N/A,N/A,N/A,N/A,N/A,N/A,N/A,N/A,N/A,N/A,N/A,N/A,N/A,N/A,N/A,N/A,N/A,N/A,N/A,N/A,N/A
0,4294967295,97,46,PYPTO_mul_kernel_2d,N/A,N/A,N/A,1784164991801892.393	,59.741,0.000000,0,0,N/A,N/A,N/A,N/A,N/A,N/A,N/A,0,0.0,1581703,0.0,0.0,0.0,0.98,0.0,0.0,0.0,0.0,0.0,0.0,0.0,0.0,0,0.0,0.0,0.0,0.0,0.0,0.0,0.0,0.0,0.0,80.230
0,4294967295,100,43,PYPTO_mul_kernel_2d,N/A,N/A,N/A,1784164991801998.575	,81.862,46.259000,0,0,N/A,N/A,N/A,N/A,N/A,N/A,N/A,N/A,N/A,N/A,N/A,N/A,N/A,N/A,N/A,N/A,N/A,N/A,N/A,N/A,N/A,N/A,N/A,N/A,N/A,N/A,N/A,N/A,N/A,N/A,N/A,N/A,N/A
0,4294967295,98,42,PYPTO_mul_kernel_2d,N/A,N/A,N/A,1784164991802000.915	,38.661,0.000000,0,0,N/A,N/A,N/A,N/A,N/A,N/A,N/A,N/A,N/A,N/A,N/A,N/A,N/A,N/A,N/A,N/A,N/A,N/A,N/A,N/A,N/A,N/A,N/A,N/A,N/A,N/A,N/A,N/A,N/A,N/A,N/A,N/A,N/A
0,4294967295,99,46,PYPTO_mul_kernel_2d,N/A,N/A,N/A,1784164991802012.816	,61.921,0.000000,0,0,N/A,N/A,N/A,N/A,N/A,N/A,N/A,0,0.0,1683578,0.0,0.0,0.0,0.982,0.0,0.0,0.0,0.0,0.0,0.0,0.0,0.0,0,0.0,0.0,0.0,0.0,0.0,0.0,0.0,0.0,0.0,82.391
0,4294967295,100,42,PYPTO_mul_kernel_2d,N/A,N/A,N/A,1784164991802134.258	,40.661,59.579000,0,0,N/A,N/A,N/A,N/A,N/A,N/A,N/A,N/A,N/A,N/A,N/A,N/A,N/A,N/A,N/A,N/A,N/A,N/A,N/A,N/A,N/A,N/A,N/A,N/A,N/A,N/A,N/A,N/A,N/A,N/A,N/A,N/A,N/A
0,4294967295,102,43,PYPTO_mul_kernel_2d,N/A,N/A,N/A,1784164991802143.298	,75.022,0.000000,0,0,N/A,N/A,N/A,N/A,N/A,N/A,N/A,N/A,N/A,N/A,N/A,N/A,N/A,N/A,N/A,N/A,N/A,N/A,N/A,N/A,N/A,N/A,N/A,N/A,N/A,N/A,N/A,N/A,N/A,N/A,N/A,N/A,N/A
0,4294967295,101,46,PYPTO_mul_kernel_2d,N/A,N/A,N/A,1784164991802147.258	,66.002,0.000000,0,0,N/A,N/A,N/A,N/A,N/A,N/A,N/A,0,0.0,1830134,0.0,0.0,0.0,0.991,0.0,0.0,0.0,0.0,0.0,0.0,0.0,0.0,0,0.0,0.0,0.0,0.0,0.0,0.0,0.0,0.0,0.0,84.026
0,4294967295,102,42,PYPTO_mul_kernel_2d,N/A,N/A,N/A,1784164991802269.621	,37.440,56.248000,0,0,N/A,N/A,N/A,N/A,N/A,N/A,N/A,N/A,N/A,N/A,N/A,N/A,N/A,N/A,N/A,N/A,N/A,N/A,N/A,N/A,N/A,N/A,N/A,N/A,N/A,N/A,N/A,N/A,N/A,N/A,N/A,N/A,N/A
0,4294967295,104,43,PYPTO_mul_kernel_2d,N/A,N/A,N/A,1784164991802276.121	,68.601,0.000000,0,0,N/A,N/A,N/A,N/A,N/A,N/A,N/A,N/A,N/A,N/A,N/A,N/A,N/A,N/A,N/A,N/A,N/A,N/A,N/A,N/A,N/A,N/A,N/A,N/A,N/A,N/A,N/A,N/A,N/A,N/A,N/A,N/A,N/A
0,4294967295,103,46,PYPTO_mul_kernel_2d,N/A,N/A,N/A,1784164991802282.401	,58.901,0.000000,0,0,N/A,N/A,N/A,N/A,N/A,N/A,N/A,0,0.0,1605453,0.0,0.0,0.0,0.98,0.0,0.0,0.0,0.0,0.0,0.0,0.0,0.0,0,0.0,0.0,0.0,0.0,0.0,0.0,0.0,0.0,0.0,82.596
0,4294967295,104,42,PYPTO_mul_kernel_2d,N/A,N/A,N/A,1784164991802398.583	,47.741,57.099000,0,0,N/A,N/A,N/A,N/A,N/A,N/A,N/A,N/A,N/A,N/A,N/A,N/A,N/A,N/A,N/A,N/A,N/A,N/A,N/A,N/A,N/A,N/A,N/A,N/A,N/A,N/A,N/A,N/A,N/A,N/A,N/A,N/A,N/A
0,4294967295,106,43,PYPTO_mul_kernel_2d,N/A,N/A,N/A,1784164991802402.683	,82.582,0.000000,0,0,N/A,N/A,N/A,N/A,N/A,N/A,N/A,N/A,N/A,N/A,N/A,N/A,N/A,N/A,N/A,N/A,N/A,N/A,N/A,N/A,N/A,N/A,N/A,N/A,N/A,N/A,N/A,N/A,N/A,N/A,N/A,N/A,N/A
0,4294967295,105,46,PYPTO_mul_kernel_2d,N/A,N/A,N/A,1784164991802411.624	,67.661,0.000000,0,0,N/A,N/A,N/A,N/A,N/A,N/A,N/A,0,0.0,1890193,0.0,0.0,0.0,0.99,0.0,0.0,0.0,0.0,0.0,0.0,0.0,0.0,0,0.0,0.0,0.0,0.0,0.0,0.0,0.0,0.0,0.0,84.655
0,4294967295,106,42,PYPTO_mul_kernel_2d,N/A,N/A,N/A,1784164991802528.946	,32.621,49.839000,0,0,N/A,N/A,N/A,N/A,N/A,N/A,N/A,N/A,N/A,N/A,N/A,N/A,N/A,N/A,N/A,N/A,N/A,N/A,N/A,N/A,N/A,N/A,N/A,N/A,N/A,N/A,N/A,N/A,N/A,N/A,N/A,N/A,N/A
0,4294967295,108,43,PYPTO_mul_kernel_2d,N/A,N/A,N/A,1784164991802535.426	,65.941,0.000000,0,0,N/A,N/A,N/A,N/A,N/A,N/A,N/A,N/A,N/A,N/A,N/A,N/A,N/A,N/A,N/A,N/A,N/A,N/A,N/A,N/A,N/A,N/A,N/A,N/A,N/A,N/A,N/A,N/A,N/A,N/A,N/A,N/A,N/A
0,4294967295,107,46,PYPTO_mul_kernel_2d,N/A,N/A,N/A,1784164991802541.646	,54.261,0.000000,0,0,N/A,N/A,N/A,N/A,N/A,N/A,N/A,0,0.0,1449605,0.0,0.0,0.0,0.983,0.0,0.0,0.0,0.0,0.0,0.0,0.0,0.0,0,0.0,0.0,0.0,0.0,0.0,0.0,0.0,0.0,0.0,80.956
0,4294967295,108,42,PYPTO_mul_kernel_2d,N/A,N/A,N/A,1784164991802656.808	,38.401,60.739000,0,0,N/A,N/A,N/A,N/A,N/A,N/A,N/A,N/A,N/A,N/A,N/A,N/A,N/A,N/A,N/A,N/A,N/A,N/A,N/A,N/A,N/A,N/A,N/A,N/A,N/A,N/A,N/A,N/A,N/A,N/A,N/A,N/A,N/A
0,4294967295,110,43,PYPTO_mul_kernel_2d,N/A,N/A,N/A,1784164991802663.329	,69.501,0.000000,0,0,N/A,N/A,N/A,N/A,N/A,N/A,N/A,N/A,N/A,N/A,N/A,N/A,N/A,N/A,N/A,N/A,N/A,N/A,N/A,N/A,N/A,N/A,N/A,N/A,N/A,N/A,N/A,N/A,N/A,N/A,N/A,N/A,N/A
0,4294967295,109,46,PYPTO_mul_kernel_2d,N/A,N/A,N/A,1784164991802669.709	,59.521,0.000000,0,0,N/A,N/A,N/A,N/A,N/A,N/A,N/A,0,0.0,1635577,0.0,0.0,0.0,0.986,0.0,0.0,0.0,0.0,0.0,0.0,0.0,0.0,0,0.0,0.0,0.0,0.0,0.0,0.0,0.0,0.0,0.0,83.270
0,4294967295,110,42,PYPTO_mul_kernel_2d,N/A,N/A,N/A,1784164991802786.611	,47.201,57.229000,0,0,N/A,N/A,N/A,N/A,N/A,N/A,N/A,N/A,N/A,N/A,N/A,N/A,N/A,N/A,N/A,N/A,N/A,N/A,N/A,N/A,N/A,N/A,N/A,N/A,N/A,N/A,N/A,N/A,N/A,N/A,N/A,N/A,N/A
0,4294967295,112,43,PYPTO_mul_kernel_2d,N/A,N/A,N/A,1784164991802792.891	,78.882,0.000000,0,0,N/A,N/A,N/A,N/A,N/A,N/A,N/A,N/A,N/A,N/A,N/A,N/A,N/A,N/A,N/A,N/A,N/A,N/A,N/A,N/A,N/A,N/A,N/A,N/A,N/A,N/A,N/A,N/A,N/A,N/A,N/A,N/A,N/A
0,4294967295,111,46,PYPTO_mul_kernel_2d,N/A,N/A,N/A,1784164991802799.731	,66.282,0.000000,0,0,N/A,N/A,N/A,N/A,N/A,N/A,N/A,0,0.0,1864125,0.0,0.0,0.0,0.993,0.0,0.0,0.0,0.0,0.0,0.0,0.0,0.0,0,0.0,0.0,0.0,0.0,0.0,0.0,0.0,0.0,0.0,85.225
0,4294967295,112,42,PYPTO_mul_kernel_2d,N/A,N/A,N/A,1784164991802916.494	,40.860,50.468000,0,0,N/A,N/A,N/A,N/A,N/A,N/A,N/A,N/A,N/A,N/A,N/A,N/A,N/A,N/A,N/A,N/A,N/A,N/A,N/A,N/A,N/A,N/A,N/A,N/A,N/A,N/A,N/A,N/A,N/A,N/A,N/A,N/A,N/A
0,4294967295,114,43,PYPTO_mul_kernel_2d,N/A,N/A,N/A,1784164991802923.074	,75.761,0.000000,0,0,N/A,N/A,N/A,N/A,N/A,N/A,N/A,N/A,N/A,N/A,N/A,N/A,N/A,N/A,N/A,N/A,N/A,N/A,N/A,N/A,N/A,N/A,N/A,N/A,N/A,N/A,N/A,N/A,N/A,N/A,N/A,N/A,N/A
0,4294967295,113,46,PYPTO_mul_kernel_2d,N/A,N/A,N/A,1784164991802929.154	,64.281,0.000000,0,0,N/A,N/A,N/A,N/A,N/A,N/A,N/A,0,0.0,1784234,0.0,0.0,0.0,0.983,0.0,0.0,0.0,0.0,0.0,0.0,0.0,0.0,0,0.0,0.0,0.0,0.0,0.0,0.0,0.0,0.0,0.0,84.111
0,4294967295,114,42,PYPTO_mul_kernel_2d,N/A,N/A,N/A,1784164991803049.156	,37.221,55.719000,0,0,N/A,N/A,N/A,N/A,N/A,N/A,N/A,N/A,N/A,N/A,N/A,N/A,N/A,N/A,N/A,N/A,N/A,N/A,N/A,N/A,N/A,N/A,N/A,N/A,N/A,N/A,N/A,N/A,N/A,N/A,N/A,N/A,N/A
0,4294967295,116,43,PYPTO_mul_kernel_2d,N/A,N/A,N/A,1784164991803055.736	,68.262,0.000000,0,0,N/A,N/A,N/A,N/A,N/A,N/A,N/A,N/A,N/A,N/A,N/A,N/A,N/A,N/A,N/A,N/A,N/A,N/A,N/A,N/A,N/A,N/A,N/A,N/A,N/A,N/A,N/A,N/A,N/A,N/A,N/A,N/A,N/A
0,4294967295,115,46,PYPTO_mul_kernel_2d,N/A,N/A,N/A,1784164991803062.037	,58.381,0.000000,0,0,N/A,N/A,N/A,N/A,N/A,N/A,N/A,0,0.0,1608285,0.0,0.0,0.0,0.985,0.0,0.0,0.0,0.0,0.0,0.0,0.0,0.0,0,0.0,0.0,0.0,0.0,0.0,0.0,0.0,0.0,0.0,83.479
0,4294967295,116,42,PYPTO_mul_kernel_2d,N/A,N/A,N/A,1784164991803180.259	,47.941,59.869000,0,0,N/A,N/A,N/A,N/A,N/A,N/A,N/A,N/A,N/A,N/A,N/A,N/A,N/A,N/A,N/A,N/A,N/A,N/A,N/A,N/A,N/A,N/A,N/A,N/A,N/A,N/A,N/A,N/A,N/A,N/A,N/A,N/A,N/A
0,4294967295,118,43,PYPTO_mul_kernel_2d,N/A,N/A,N/A,1784164991803188.919	,79.022,0.000000,0,0,N/A,N/A,N/A,N/A,N/A,N/A,N/A,N/A,N/A,N/A,N/A,N/A,N/A,N/A,N/A,N/A,N/A,N/A,N/A,N/A,N/A,N/A,N/A,N/A,N/A,N/A,N/A,N/A,N/A,N/A,N/A,N/A,N/A
0,4294967295,117,46,PYPTO_mul_kernel_2d,N/A,N/A,N/A,1784164991803193.099	,68.582,0.000000,0,0,N/A,N/A,N/A,N/A,N/A,N/A,N/A,0,0.0,1927595,0.0,0.0,0.0,0.991,0.0,0.0,0.0,0.0,0.0,0.0,0.0,0.0,0,0.0,0.0,0.0,0.0,0.0,0.0,0.0,0.0,0.0,85.171
0,4294967295,118,42,PYPTO_mul_kernel_2d,N/A,N/A,N/A,1784164991803307.161	,39.081,45.668000,0,0,N/A,N/A,N/A,N/A,N/A,N/A,N/A,N/A,N/A,N/A,N/A,N/A,N/A,N/A,N/A,N/A,N/A,N/A,N/A,N/A,N/A,N/A,N/A,N/A,N/A,N/A,N/A,N/A,N/A,N/A,N/A,N/A,N/A
0,4294967295,120,43,PYPTO_mul_kernel_2d,N/A,N/A,N/A,1784164991803313.682	,71.741,0.000000,0,0,N/A,N/A,N/A,N/A,N/A,N/A,N/A,N/A,N/A,N/A,N/A,N/A,N/A,N/A,N/A,N/A,N/A,N/A,N/A,N/A,N/A,N/A,N/A,N/A,N/A,N/A,N/A,N/A,N/A,N/A,N/A,N/A,N/A
0,4294967295,119,46,PYPTO_mul_kernel_2d,N/A,N/A,N/A,1784164991803320.242	,58.441,0.000000,0,0,N/A,N/A,N/A,N/A,N/A,N/A,N/A,0,0.0,1588401,0.0,0.0,0.0,0.981,0.0,0.0,0.0,0.0,0.0,0.0,0.0,0.0,0,0.0,0.0,0.0,0.0,0.0,0.0,0.0,0.0,0.0,82.362
0,4294967295,120,42,PYPTO_mul_kernel_2d,N/A,N/A,N/A,1784164991803431.944	,36.621,53.309000,0,0,N/A,N/A,N/A,N/A,N/A,N/A,N/A,N/A,N/A,N/A,N/A,N/A,N/A,N/A,N/A,N/A,N/A,N/A,N/A,N/A,N/A,N/A,N/A,N/A,N/A,N/A,N/A,N/A,N/A,N/A,N/A,N/A,N/A
0,4294967295,122,43,PYPTO_mul_kernel_2d,N/A,N/A,N/A,1784164991803438.284	,70.801,0.000000,0,0,N/A,N/A,N/A,N/A,N/A,N/A,N/A,N/A,N/A,N/A,N/A,N/A,N/A,N/A,N/A,N/A,N/A,N/A,N/A,N/A,N/A,N/A,N/A,N/A,N/A,N/A,N/A,N/A,N/A,N/A,N/A,N/A,N/A
0,4294967295,121,46,PYPTO_mul_kernel_2d,N/A,N/A,N/A,1784164991803444.724	,60.841,0.000000,0,0,N/A,N/A,N/A,N/A,N/A,N/A,N/A,0,0.0,1671107,0.0,0.0,0.0,0.982,0.0,0.0,0.0,0.0,0.0,0.0,0.0,0.0,0,0.0,0.0,0.0,0.0,0.0,0.0,0.0,0.0,0.0,83.233
0,4294967295,122,42,PYPTO_mul_kernel_2d,N/A,N/A,N/A,1784164991803591.627	,47.141,86.159000,0,0,N/A,N/A,N/A,N/A,N/A,N/A,N/A,N/A,N/A,N/A,N/A,N/A,N/A,N/A,N/A,N/A,N/A,N/A,N/A,N/A,N/A,N/A,N/A,N/A,N/A,N/A,N/A,N/A,N/A,N/A,N/A,N/A,N/A
0,4294967295,124,43,PYPTO_mul_kernel_2d,N/A,N/A,N/A,1784164991803600.867	,76.542,0.000000,0,0,N/A,N/A,N/A,N/A,N/A,N/A,N/A,N/A,N/A,N/A,N/A,N/A,N/A,N/A,N/A,N/A,N/A,N/A,N/A,N/A,N/A,N/A,N/A,N/A,N/A,N/A,N/A,N/A,N/A,N/A,N/A,N/A,N/A
0,4294967295,123,46,PYPTO_mul_kernel_2d,N/A,N/A,N/A,1784164991803604.467	,67.422,0.000000,0,0,N/A,N/A,N/A,N/A,N/A,N/A,N/A,0,0.0,1871906,0.0,0.0,0.0,0.989,0.0,0.0,0.0,0.0,0.0,0.0,0.0,0.0,0,0.0,0.0,0.0,0.0,0.0,0.0,0.0,0.0,0.0,84.133
0,4294967295,124,42,PYPTO_mul_kernel_2d,N/A,N/A,N/A,1784164991803733.870	,48.681,61.828000,0,0,N/A,N/A,N/A,N/A,N/A,N/A,N/A,N/A,N/A,N/A,N/A,N/A,N/A,N/A,N/A,N/A,N/A,N/A,N/A,N/A,N/A,N/A,N/A,N/A,N/A,N/A,N/A,N/A,N/A,N/A,N/A,N/A,N/A
0,4294967295,126,43,PYPTO_mul_kernel_2d,N/A,N/A,N/A,1784164991803742.670	,79.342,0.000000,0,0,N/A,N/A,N/A,N/A,N/A,N/A,N/A,N/A,N/A,N/A,N/A,N/A,N/A,N/A,N/A,N/A,N/A,N/A,N/A,N/A,N/A,N/A,N/A,N/A,N/A,N/A,N/A,N/A,N/A,N/A,N/A,N/A,N/A
0,4294967295,125,46,PYPTO_mul_kernel_2d,N/A,N/A,N/A,1784164991803746.510	,69.622,0.000000,0,0,N/A,N/A,N/A,N/A,N/A,N/A,N/A,0,0.0,1952420,0.0,0.0,0.0,0.982,0.0,0.0,0.0,0.0,0.0,0.0,0.0,0.0,0,0.0,0.0,0.0,0.0,0.0,0.0,0.0,0.0,0.0,84.979
0,4294967295,126,42,PYPTO_mul_kernel_2d,N/A,N/A,N/A,1784164991803861.433	,34.000,45.378000,0,0,N/A,N/A,N/A,N/A,N/A,N/A,N/A,N/A,N/A,N/A,N/A,N/A,N/A,N/A,N/A,N/A,N/A,N/A,N/A,N/A,N/A,N/A,N/A,N/A,N/A,N/A,N/A,N/A,N/A,N/A,N/A,N/A,N/A
0,4294967295,128,43,PYPTO_mul_kernel_2d,N/A,N/A,N/A,1784164991803873.293	,63.681,0.000000,0,0,N/A,N/A,N/A,N/A,N/A,N/A,N/A,N/A,N/A,N/A,N/A,N/A,N/A,N/A,N/A,N/A,N/A,N/A,N/A,N/A,N/A,N/A,N/A,N/A,N/A,N/A,N/A,N/A,N/A,N/A,N/A,N/A,N/A
0,4294967295,127,46,PYPTO_mul_kernel_2d,N/A,N/A,N/A,1784164991803886.153	,47.621,0.000000,0,0,N/A,N/A,N/A,N/A,N/A,N/A,N/A,0,0.0,1227241,0.0,0.0,0.0,0.957,0.0,0.0,0.0,0.0,0.0,0.0,0.0,0.0,0,0.0,0.0,0.0,0.0,0.0,0.0,0.0,0.0,0.0,78.094
0,4294967295,127,42,PYPTO_mul_kernel_2d,N/A,N/A,N/A,1784164991804168.679	,48.221,234.879000,0,0,N/A,N/A,N/A,N/A,N/A,N/A,N/A,N/A,N/A,N/A,N/A,N/A,N/A,N/A,N/A,N/A,N/A,N/A,N/A,N/A,N/A,N/A,N/A,N/A,N/A,N/A,N/A,N/A,N/A,N/A,N/A,N/A,N/A
0,4294967295,130,43,PYPTO_mul_kernel_2d,N/A,N/A,N/A,1784164991804174.399	,81.161,0.000000,0,0,N/A,N/A,N/A,N/A,N/A,N/A,N/A,N/A,N/A,N/A,N/A,N/A,N/A,N/A,N/A,N/A,N/A,N/A,N/A,N/A,N/A,N/A,N/A,N/A,N/A,N/A,N/A,N/A,N/A,N/A,N/A,N/A,N/A
0,4294967295,129,46,PYPTO_mul_kernel_2d,N/A,N/A,N/A,1784164991804181.379	,67.741,0.000000,0,0,N/A,N/A,N/A,N/A,N/A,N/A,N/A,0,0.0,1911197,0.0,0.0,0.0,0.991,0.0,0.0,0.0,0.0,0.0,0.0,0.0,0.0,0,0.0,0.0,0.0,0.0,0.0,0.0,0.0,0.0,0.0,85.495
0,4294967295,129,42,PYPTO_mul_kernel_2d,N/A,N/A,N/A,1784164991804320.562	,43.821,71.259000,0,0,N/A,N/A,N/A,N/A,N/A,N/A,N/A,N/A,N/A,N/A,N/A,N/A,N/A,N/A,N/A,N/A,N/A,N/A,N/A,N/A,N/A,N/A,N/A,N/A,N/A,N/A,N/A,N/A,N/A,N/A,N/A,N/A,N/A
0,4294967295,132,43,PYPTO_mul_kernel_2d,N/A,N/A,N/A,1784164991804331.922	,71.961,0.000000,0,0,N/A,N/A,N/A,N/A,N/A,N/A,N/A,N/A,N/A,N/A,N/A,N/A,N/A,N/A,N/A,N/A,N/A,N/A,N/A,N/A,N/A,N/A,N/A,N/A,N/A,N/A,N/A,N/A,N/A,N/A,N/A,N/A,N/A
0,4294967295,131,46,PYPTO_mul_kernel_2d,N/A,N/A,N/A,1784164991804340.562	,58.081,0.000000,0,0,N/A,N/A,N/A,N/A,N/A,N/A,N/A,0,0.0,1572420,0.0,0.0,0.0,0.984,0.0,0.0,0.0,0.0,0.0,0.0,0.0,0.0,0,0.0,0.0,0.0,0.0,0.0,0.0,0.0,0.0,0.0,82.039
0,4294967295,131,42,PYPTO_mul_kernel_2d,N/A,N/A,N/A,1784164991804462.605	,37.640,63.919000,0,0,N/A,N/A,N/A,N/A,N/A,N/A,N/A,N/A,N/A,N/A,N/A,N/A,N/A,N/A,N/A,N/A,N/A,N/A,N/A,N/A,N/A,N/A,N/A,N/A,N/A,N/A,N/A,N/A,N/A,N/A,N/A,N/A,N/A
0,4294967295,134,43,PYPTO_mul_kernel_2d,N/A,N/A,N/A,1784164991804468.845	,69.701,0.000000,0,0,N/A,N/A,N/A,N/A,N/A,N/A,N/A,N/A,N/A,N/A,N/A,N/A,N/A,N/A,N/A,N/A,N/A,N/A,N/A,N/A,N/A,N/A,N/A,N/A,N/A,N/A,N/A,N/A,N/A,N/A,N/A,N/A,N/A
0,4294967295,133,46,PYPTO_mul_kernel_2d,N/A,N/A,N/A,1784164991804475.745	,59.301,0.000000,0,0,N/A,N/A,N/A,N/A,N/A,N/A,N/A,0,0.0,1600805,0.0,0.0,0.0,0.983,0.0,0.0,0.0,0.0,0.0,0.0,0.0,0.0,0,0.0,0.0,0.0,0.0,0.0,0.0,0.0,0.0,0.0,81.802
0,4294967295,133,42,PYPTO_mul_kernel_2d,N/A,N/A,N/A,1784164991804589.767	,46.701,54.699000,0,0,N/A,N/A,N/A,N/A,N/A,N/A,N/A,N/A,N/A,N/A,N/A,N/A,N/A,N/A,N/A,N/A,N/A,N/A,N/A,N/A,N/A,N/A,N/A,N/A,N/A,N/A,N/A,N/A,N/A,N/A,N/A,N/A,N/A
0,4294967295,136,43,PYPTO_mul_kernel_2d,N/A,N/A,N/A,1784164991804598.907	,76.122,0.000000,0,0,N/A,N/A,N/A,N/A,N/A,N/A,N/A,N/A,N/A,N/A,N/A,N/A,N/A,N/A,N/A,N/A,N/A,N/A,N/A,N/A,N/A,N/A,N/A,N/A,N/A,N/A,N/A,N/A,N/A,N/A,N/A,N/A,N/A
0,4294967295,135,46,PYPTO_mul_kernel_2d,N/A,N/A,N/A,1784164991804602.747	,66.442,0.000000,0,0,N/A,N/A,N/A,N/A,N/A,N/A,N/A,0,0.0,1872094,0.0,0.0,0.0,0.989,0.0,0.0,0.0,0.0,0.0,0.0,0.0,0.0,0,0.0,0.0,0.0,0.0,0.0,0.0,0.0,0.0,0.0,85.383
0,4294967295,135,42,PYPTO_mul_kernel_2d,N/A,N/A,N/A,1784164991804720.230	,43.881,51.058000,0,0,N/A,N/A,N/A,N/A,N/A,N/A,N/A,N/A,N/A,N/A,N/A,N/A,N/A,N/A,N/A,N/A,N/A,N/A,N/A,N/A,N/A,N/A,N/A,N/A,N/A,N/A,N/A,N/A,N/A,N/A,N/A,N/A,N/A
0,4294967295,138,43,PYPTO_mul_kernel_2d,N/A,N/A,N/A,1784164991804724.530	,78.741,0.000000,0,0,N/A,N/A,N/A,N/A,N/A,N/A,N/A,N/A,N/A,N/A,N/A,N/A,N/A,N/A,N/A,N/A,N/A,N/A,N/A,N/A,N/A,N/A,N/A,N/A,N/A,N/A,N/A,N/A,N/A,N/A,N/A,N/A,N/A
0,4294967295,137,46,PYPTO_mul_kernel_2d,N/A,N/A,N/A,1784164991804732.850	,64.841,0.000000,0,0,N/A,N/A,N/A,N/A,N/A,N/A,N/A,0,0.0,1792740,0.0,0.0,0.0,0.981,0.0,0.0,0.0,0.0,0.0,0.0,0.0,0.0,0,0.0,0.0,0.0,0.0,0.0,0.0,0.0,0.0,0.0,83.783
0,4294967295,137,42,PYPTO_mul_kernel_2d,N/A,N/A,N/A,1784164991804851.952	,36.901,54.409000,0,0,N/A,N/A,N/A,N/A,N/A,N/A,N/A,N/A,N/A,N/A,N/A,N/A,N/A,N/A,N/A,N/A,N/A,N/A,N/A,N/A,N/A,N/A,N/A,N/A,N/A,N/A,N/A,N/A,N/A,N/A,N/A,N/A,N/A
0,4294967295,140,43,PYPTO_mul_kernel_2d,N/A,N/A,N/A,1784164991804858.212	,69.502,0.000000,0,0,N/A,N/A,N/A,N/A,N/A,N/A,N/A,N/A,N/A,N/A,N/A,N/A,N/A,N/A,N/A,N/A,N/A,N/A,N/A,N/A,N/A,N/A,N/A,N/A,N/A,N/A,N/A,N/A,N/A,N/A,N/A,N/A,N/A
0,4294967295,139,46,PYPTO_mul_kernel_2d,N/A,N/A,N/A,1784164991804865.153	,59.221,0.000000,0,0,N/A,N/A,N/A,N/A,N/A,N/A,N/A,0,0.0,1612229,0.0,0.0,0.0,0.986,0.0,0.0,0.0,0.0,0.0,0.0,0.0,0.0,0,0.0,0.0,0.0,0.0,0.0,0.0,0.0,0.0,0.0,82.497
0,4294967295,139,42,PYPTO_mul_kernel_2d,N/A,N/A,N/A,1784164991804982.815	,46.541,58.279000,0,0,N/A,N/A,N/A,N/A,N/A,N/A,N/A,N/A,N/A,N/A,N/A,N/A,N/A,N/A,N/A,N/A,N/A,N/A,N/A,N/A,N/A,N/A,N/A,N/A,N/A,N/A,N/A,N/A,N/A,N/A,N/A,N/A,N/A
0,4294967295,142,43,PYPTO_mul_kernel_2d,N/A,N/A,N/A,1784164991804988.895	,79.942,0.000000,0,0,N/A,N/A,N/A,N/A,N/A,N/A,N/A,N/A,N/A,N/A,N/A,N/A,N/A,N/A,N/A,N/A,N/A,N/A,N/A,N/A,N/A,N/A,N/A,N/A,N/A,N/A,N/A,N/A,N/A,N/A,N/A,N/A,N/A
0,4294967295,141,46,PYPTO_mul_kernel_2d,N/A,N/A,N/A,1784164991804995.615	,67.422,0.000000,0,0,N/A,N/A,N/A,N/A,N/A,N/A,N/A,0,0.0,1890097,0.0,0.0,0.0,0.99,0.0,0.0,0.0,0.0,0.0,0.0,0.0,0.0,0,0.0,0.0,0.0,0.0,0.0,0.0,0.0,0.0,0.0,84.951
0,4294967295,141,42,PYPTO_mul_kernel_2d,N/A,N/A,N/A,1784164991805114.358	,44.820,51.328000,0,0,N/A,N/A,N/A,N/A,N/A,N/A,N/A,N/A,N/A,N/A,N/A,N/A,N/A,N/A,N/A,N/A,N/A,N/A,N/A,N/A,N/A,N/A,N/A,N/A,N/A,N/A,N/A,N/A,N/A,N/A,N/A,N/A,N/A
0,4294967295,144,43,PYPTO_mul_kernel_2d,N/A,N/A,N/A,1784164991805118.178	,79.921,0.000000,0,0,N/A,N/A,N/A,N/A,N/A,N/A,N/A,N/A,N/A,N/A,N/A,N/A,N/A,N/A,N/A,N/A,N/A,N/A,N/A,N/A,N/A,N/A,N/A,N/A,N/A,N/A,N/A,N/A,N/A,N/A,N/A,N/A,N/A
0,4294967295,143,46,PYPTO_mul_kernel_2d,N/A,N/A,N/A,1784164991805126.918	,64.821,0.000000,0,0,N/A,N/A,N/A,N/A,N/A,N/A,N/A,0,0.0,1823575,0.0,0.0,0.0,0.982,0.0,0.0,0.0,0.0,0.0,0.0,0.0,0.0,0,0.0,0.0,0.0,0.0,0.0,0.0,0.0,0.0,0.0,85.250
0,4294967295,143,42,PYPTO_mul_kernel_2d,N/A,N/A,N/A,1784164991805245.300	,36.881,53.429000,0,0,N/A,N/A,N/A,N/A,N/A,N/A,N/A,N/A,N/A,N/A,N/A,N/A,N/A,N/A,N/A,N/A,N/A,N/A,N/A,N/A,N/A,N/A,N/A,N/A,N/A,N/A,N/A,N/A,N/A,N/A,N/A,N/A,N/A
0,4294967295,146,43,PYPTO_mul_kernel_2d,N/A,N/A,N/A,1784164991805251.580	,72.702,0.000000,0,0,N/A,N/A,N/A,N/A,N/A,N/A,N/A,N/A,N/A,N/A,N/A,N/A,N/A,N/A,N/A,N/A,N/A,N/A,N/A,N/A,N/A,N/A,N/A,N/A,N/A,N/A,N/A,N/A,N/A,N/A,N/A,N/A,N/A
0,4294967295,145,46,PYPTO_mul_kernel_2d,N/A,N/A,N/A,1784164991805258.160	,62.702,0.000000,0,0,N/A,N/A,N/A,N/A,N/A,N/A,N/A,0,0.0,1736743,0.0,0.0,0.0,0.979,0.0,0.0,0.0,0.0,0.0,0.0,0.0,0.0,0,0.0,0.0,0.0,0.0,0.0,0.0,0.0,0.0,0.0,83.934
0,4294967295,145,42,PYPTO_mul_kernel_2d,N/A,N/A,N/A,1784164991805373.683	,50.781,52.798000,0,0,N/A,N/A,N/A,N/A,N/A,N/A,N/A,N/A,N/A,N/A,N/A,N/A,N/A,N/A,N/A,N/A,N/A,N/A,N/A,N/A,N/A,N/A,N/A,N/A,N/A,N/A,N/A,N/A,N/A,N/A,N/A,N/A,N/A
0,4294967295,148,43,PYPTO_mul_kernel_2d,N/A,N/A,N/A,1784164991805377.783	,84.641,0.000000,0,0,N/A,N/A,N/A,N/A,N/A,N/A,N/A,N/A,N/A,N/A,N/A,N/A,N/A,N/A,N/A,N/A,N/A,N/A,N/A,N/A,N/A,N/A,N/A,N/A,N/A,N/A,N/A,N/A,N/A,N/A,N/A,N/A,N/A
0,4294967295,147,46,PYPTO_mul_kernel_2d,N/A,N/A,N/A,1784164991805386.283	,69.841,0.000000,0,0,N/A,N/A,N/A,N/A,N/A,N/A,N/A,0,0.0,1977063,0.0,0.0,0.0,0.991,0.0,0.0,0.0,0.0,0.0,0.0,0.0,0.0,0,0.0,0.0,0.0,0.0,0.0,0.0,0.0,0.0,0.0,85.782
0,4294967295,147,42,PYPTO_mul_kernel_2d,N/A,N/A,N/A,1784164991805504.145	,40.581,48.159000,0,0,N/A,N/A,N/A,N/A,N/A,N/A,N/A,N/A,N/A,N/A,N/A,N/A,N/A,N/A,N/A,N/A,N/A,N/A,N/A,N/A,N/A,N/A,N/A,N/A,N/A,N/A,N/A,N/A,N/A,N/A,N/A,N/A,N/A
0,4294967295,150,43,PYPTO_mul_kernel_2d,N/A,N/A,N/A,1784164991805512.725	,73.302,0.000000,0,0,N/A,N/A,N/A,N/A,N/A,N/A,N/A,N/A,N/A,N/A,N/A,N/A,N/A,N/A,N/A,N/A,N/A,N/A,N/A,N/A,N/A,N/A,N/A,N/A,N/A,N/A,N/A,N/A,N/A,N/A,N/A,N/A,N/A
0,4294967295,149,46,PYPTO_mul_kernel_2d,N/A,N/A,N/A,1784164991805516.986	,63.481,0.000000,0,0,N/A,N/A,N/A,N/A,N/A,N/A,N/A,0,0.0,1753168,0.0,0.0,0.0,0.984,0.0,0.0,0.0,0.0,0.0,0.0,0.0,0.0,0,0.0,0.0,0.0,0.0,0.0,0.0,0.0,0.0,0.0,83.689
0,4294967295,149,42,PYPTO_mul_kernel_2d,N/A,N/A,N/A,1784164991805631.568	,38.181,51.019000,0,0,N/A,N/A,N/A,N/A,N/A,N/A,N/A,N/A,N/A,N/A,N/A,N/A,N/A,N/A,N/A,N/A,N/A,N/A,N/A,N/A,N/A,N/A,N/A,N/A,N/A,N/A,N/A,N/A,N/A,N/A,N/A,N/A,N/A
0,4294967295,152,43,PYPTO_mul_kernel_2d,N/A,N/A,N/A,1784164991805638.148	,71.021,0.000000,0,0,N/A,N/A,N/A,N/A,N/A,N/A,N/A,N/A,N/A,N/A,N/A,N/A,N/A,N/A,N/A,N/A,N/A,N/A,N/A,N/A,N/A,N/A,N/A,N/A,N/A,N/A,N/A,N/A,N/A,N/A,N/A,N/A,N/A
0,4294967295,151,46,PYPTO_mul_kernel_2d,N/A,N/A,N/A,1784164991805644.128	,61.661,0.000000,0,0,N/A,N/A,N/A,N/A,N/A,N/A,N/A,0,0.0,1655084,0.0,0.0,0.0,0.984,0.0,0.0,0.0,0.0,0.0,0.0,0.0,0.0,0,0.0,0.0,0.0,0.0,0.0,0.0,0.0,0.0,0.0,81.338
0,4294967295,151,42,PYPTO_mul_kernel_2d,N/A,N/A,N/A,1784164991805763.551	,52.141,57.589000,0,0,N/A,N/A,N/A,N/A,N/A,N/A,N/A,N/A,N/A,N/A,N/A,N/A,N/A,N/A,N/A,N/A,N/A,N/A,N/A,N/A,N/A,N/A,N/A,N/A,N/A,N/A,N/A,N/A,N/A,N/A,N/A,N/A,N/A
0,4294967295,154,43,PYPTO_mul_kernel_2d,N/A,N/A,N/A,1784164991805772.431	,83.941,0.000000,0,0,N/A,N/A,N/A,N/A,N/A,N/A,N/A,N/A,N/A,N/A,N/A,N/A,N/A,N/A,N/A,N/A,N/A,N/A,N/A,N/A,N/A,N/A,N/A,N/A,N/A,N/A,N/A,N/A,N/A,N/A,N/A,N/A,N/A
0,4294967295,153,46,PYPTO_mul_kernel_2d,N/A,N/A,N/A,1784164991805776.211	,72.861,0.000000,0,0,N/A,N/A,N/A,N/A,N/A,N/A,N/A,0,0.0,2073396,0.0,0.0,0.0,0.991,0.0,0.0,0.0,0.0,0.0,0.0,0.0,0.0,0,0.0,0.0,0.0,0.0,0.0,0.0,0.0,0.0,0.0,86.233
0,4294967295,153,42,PYPTO_mul_kernel_2d,N/A,N/A,N/A,1784164991805896.533	,48.581,47.389000,0,0,N/A,N/A,N/A,N/A,N/A,N/A,N/A,N/A,N/A,N/A,N/A,N/A,N/A,N/A,N/A,N/A,N/A,N/A,N/A,N/A,N/A,N/A,N/A,N/A,N/A,N/A,N/A,N/A,N/A,N/A,N/A,N/A,N/A
0,4294967295,156,43,PYPTO_mul_kernel_2d,N/A,N/A,N/A,1784164991805903.213	,80.162,0.000000,0,0,N/A,N/A,N/A,N/A,N/A,N/A,N/A,N/A,N/A,N/A,N/A,N/A,N/A,N/A,N/A,N/A,N/A,N/A,N/A,N/A,N/A,N/A,N/A,N/A,N/A,N/A,N/A,N/A,N/A,N/A,N/A,N/A,N/A
0,4294967295,155,46,PYPTO_mul_kernel_2d,N/A,N/A,N/A,1784164991805909.433	,67.942,0.000000,0,0,N/A,N/A,N/A,N/A,N/A,N/A,N/A,0,0.0,1919944,0.0,0.0,0.0,0.983,0.0,0.0,0.0,0.0,0.0,0.0,0.0,0.0,0,0.0,0.0,0.0,0.0,0.0,0.0,0.0,0.0,0.0,85.632
0,4294967295,155,42,PYPTO_mul_kernel_2d,N/A,N/A,N/A,1784164991806020.656	,33.860,43.308000,0,0,N/A,N/A,N/A,N/A,N/A,N/A,N/A,N/A,N/A,N/A,N/A,N/A,N/A,N/A,N/A,N/A,N/A,N/A,N/A,N/A,N/A,N/A,N/A,N/A,N/A,N/A,N/A,N/A,N/A,N/A,N/A,N/A,N/A
0,4294967295,158,43,PYPTO_mul_kernel_2d,N/A,N/A,N/A,1784164991806027.076	,65.301,0.000000,0,0,N/A,N/A,N/A,N/A,N/A,N/A,N/A,N/A,N/A,N/A,N/A,N/A,N/A,N/A,N/A,N/A,N/A,N/A,N/A,N/A,N/A,N/A,N/A,N/A,N/A,N/A,N/A,N/A,N/A,N/A,N/A,N/A,N/A
0,4294967295,157,46,PYPTO_mul_kernel_2d,N/A,N/A,N/A,1784164991806033.536	,55.341,0.000000,0,0,N/A,N/A,N/A,N/A,N/A,N/A,N/A,0,0.0,1492061,0.0,0.0,0.0,0.985,0.0,0.0,0.0,0.0,0.0,0.0,0.0,0.0,0,0.0,0.0,0.0,0.0,0.0,0.0,0.0,0.0,0.0,81.701
0,4294967295,157,42,PYPTO_mul_kernel_2d,N/A,N/A,N/A,1784164991806162.818	,49.461,73.909000,0,0,N/A,N/A,N/A,N/A,N/A,N/A,N/A,N/A,N/A,N/A,N/A,N/A,N/A,N/A,N/A,N/A,N/A,N/A,N/A,N/A,N/A,N/A,N/A,N/A,N/A,N/A,N/A,N/A,N/A,N/A,N/A,N/A,N/A
0,4294967295,160,43,PYPTO_mul_kernel_2d,N/A,N/A,N/A,1784164991806171.859	,79.581,0.000000,0,0,N/A,N/A,N/A,N/A,N/A,N/A,N/A,N/A,N/A,N/A,N/A,N/A,N/A,N/A,N/A,N/A,N/A,N/A,N/A,N/A,N/A,N/A,N/A,N/A,N/A,N/A,N/A,N/A,N/A,N/A,N/A,N/A,N/A
0,4294967295,159,46,PYPTO_mul_kernel_2d,N/A,N/A,N/A,1784164991806175.359	,71.901,0.000000,0,0,N/A,N/A,N/A,N/A,N/A,N/A,N/A,0,0.0,2007119,0.0,0.0,0.0,0.99,0.0,0.0,0.0,0.0,0.0,0.0,0.0,0.0,0,0.0,0.0,0.0,0.0,0.0,0.0,0.0,0.0,0.0,84.591
0,4294967295,162,43,PYPTO_mul_kernel_2d,N/A,N/A,N/A,1784164991806302.261	,78.302,55.099000,0,0,N/A,N/A,N/A,N/A,N/A,N/A,N/A,N/A,N/A,N/A,N/A,N/A,N/A,N/A,N/A,N/A,N/A,N/A,N/A,N/A,N/A,N/A,N/A,N/A,N/A,N/A,N/A,N/A,N/A,N/A,N/A,N/A,N/A
0,4294967295,159,42,PYPTO_mul_kernel_2d,N/A,N/A,N/A,1784164991806305.381	,36.361,0.000000,0,0,N/A,N/A,N/A,N/A,N/A,N/A,N/A,N/A,N/A,N/A,N/A,N/A,N/A,N/A,N/A,N/A,N/A,N/A,N/A,N/A,N/A,N/A,N/A,N/A,N/A,N/A,N/A,N/A,N/A,N/A,N/A,N/A,N/A
0,4294967295,161,46,PYPTO_mul_kernel_2d,N/A,N/A,N/A,1784164991806313.361	,61.842,0.000000,0,0,N/A,N/A,N/A,N/A,N/A,N/A,N/A,0,0.0,1716421,0.0,0.0,0.0,0.989,0.0,0.0,0.0,0.0,0.0,0.0,0.0,0.0,0,0.0,0.0,0.0,0.0,0.0,0.0,0.0,0.0,0.0,84.106
0,4294967295,161,42,PYPTO_mul_kernel_2d,N/A,N/A,N/A,1784164991806427.944	,36.641,52.908000,0,0,N/A,N/A,N/A,N/A,N/A,N/A,N/A,N/A,N/A,N/A,N/A,N/A,N/A,N/A,N/A,N/A,N/A,N/A,N/A,N/A,N/A,N/A,N/A,N/A,N/A,N/A,N/A,N/A,N/A,N/A,N/A,N/A,N/A
0,4294967295,164,43,PYPTO_mul_kernel_2d,N/A,N/A,N/A,1784164991806434.364	,69.421,0.000000,0,0,N/A,N/A,N/A,N/A,N/A,N/A,N/A,N/A,N/A,N/A,N/A,N/A,N/A,N/A,N/A,N/A,N/A,N/A,N/A,N/A,N/A,N/A,N/A,N/A,N/A,N/A,N/A,N/A,N/A,N/A,N/A,N/A,N/A
0,4294967295,163,46,PYPTO_mul_kernel_2d,N/A,N/A,N/A,1784164991806440.904	,59.481,0.000000,0,0,N/A,N/A,N/A,N/A,N/A,N/A,N/A,0,0.0,1608754,0.0,0.0,0.0,0.994,0.0,0.0,0.0,0.0,0.0,0.0,0.0,0.0,0,0.0,0.0,0.0,0.0,0.0,0.0,0.0,0.0,0.0,81.959
0,4294967295,163,42,PYPTO_mul_kernel_2d,N/A,N/A,N/A,1784164991806558.166	,50.541,57.769000,0,0,N/A,N/A,N/A,N/A,N/A,N/A,N/A,N/A,N/A,N/A,N/A,N/A,N/A,N/A,N/A,N/A,N/A,N/A,N/A,N/A,N/A,N/A,N/A,N/A,N/A,N/A,N/A,N/A,N/A,N/A,N/A,N/A,N/A
0,4294967295,166,43,PYPTO_mul_kernel_2d,N/A,N/A,N/A,1784164991806564.727	,82.941,0.000000,0,0,N/A,N/A,N/A,N/A,N/A,N/A,N/A,N/A,N/A,N/A,N/A,N/A,N/A,N/A,N/A,N/A,N/A,N/A,N/A,N/A,N/A,N/A,N/A,N/A,N/A,N/A,N/A,N/A,N/A,N/A,N/A,N/A,N/A
0,4294967295,165,46,PYPTO_mul_kernel_2d,N/A,N/A,N/A,1784164991806570.807	,70.621,0.000000,0,0,N/A,N/A,N/A,N/A,N/A,N/A,N/A,0,0.0,2007383,0.0,0.0,0.0,0.99,0.0,0.0,0.0,0.0,0.0,0.0,0.0,0.0,0,0.0,0.0,0.0,0.0,0.0,0.0,0.0,0.0,0.0,86.136
0,4294967295,165,42,PYPTO_mul_kernel_2d,N/A,N/A,N/A,1784164991806681.309	,41.401,39.879000,0,0,N/A,N/A,N/A,N/A,N/A,N/A,N/A,N/A,N/A,N/A,N/A,N/A,N/A,N/A,N/A,N/A,N/A,N/A,N/A,N/A,N/A,N/A,N/A,N/A,N/A,N/A,N/A,N/A,N/A,N/A,N/A,N/A,N/A
0,4294967295,168,43,PYPTO_mul_kernel_2d,N/A,N/A,N/A,1784164991806687.829	,74.441,0.000000,0,0,N/A,N/A,N/A,N/A,N/A,N/A,N/A,N/A,N/A,N/A,N/A,N/A,N/A,N/A,N/A,N/A,N/A,N/A,N/A,N/A,N/A,N/A,N/A,N/A,N/A,N/A,N/A,N/A,N/A,N/A,N/A,N/A,N/A
0,4294967295,167,46,PYPTO_mul_kernel_2d,N/A,N/A,N/A,1784164991806694.409	,62.301,0.000000,0,0,N/A,N/A,N/A,N/A,N/A,N/A,N/A,0,0.0,1710853,0.0,0.0,0.0,0.978,0.0,0.0,0.0,0.0,0.0,0.0,0.0,0.0,0,0.0,0.0,0.0,0.0,0.0,0.0,0.0,0.0,0.0,83.215
0,4294967295,167,42,PYPTO_mul_kernel_2d,N/A,N/A,N/A,1784164991806803.591	,39.001,46.699000,0,0,N/A,N/A,N/A,N/A,N/A,N/A,N/A,N/A,N/A,N/A,N/A,N/A,N/A,N/A,N/A,N/A,N/A,N/A,N/A,N/A,N/A,N/A,N/A,N/A,N/A,N/A,N/A,N/A,N/A,N/A,N/A,N/A,N/A
0,4294967295,170,43,PYPTO_mul_kernel_2d,N/A,N/A,N/A,1784164991806812.111	,70.582,0.000000,0,0,N/A,N/A,N/A,N/A,N/A,N/A,N/A,N/A,N/A,N/A,N/A,N/A,N/A,N/A,N/A,N/A,N/A,N/A,N/A,N/A,N/A,N/A,N/A,N/A,N/A,N/A,N/A,N/A,N/A,N/A,N/A,N/A,N/A
0,4294967295,169,46,PYPTO_mul_kernel_2d,N/A,N/A,N/A,1784164991806816.652	,62.601,0.000000,0,0,N/A,N/A,N/A,N/A,N/A,N/A,N/A,0,0.0,1728474,0.0,0.0,0.0,0.988,0.0,0.0,0.0,0.0,0.0,0.0,0.0,0.0,0,0.0,0.0,0.0,0.0,0.0,0.0,0.0,0.0,0.0,83.670
0,4294967295,172,43,PYPTO_mul_kernel_2d,N/A,N/A,N/A,1784164991806929.874	,79.401,50.399000,0,0,N/A,N/A,N/A,N/A,N/A,N/A,N/A,N/A,N/A,N/A,N/A,N/A,N/A,N/A,N/A,N/A,N/A,N/A,N/A,N/A,N/A,N/A,N/A,N/A,N/A,N/A,N/A,N/A,N/A,N/A,N/A,N/A,N/A
0,4294967295,169,42,PYPTO_mul_kernel_2d,N/A,N/A,N/A,1784164991806932.934	,33.821,0.000000,0,0,N/A,N/A,N/A,N/A,N/A,N/A,N/A,N/A,N/A,N/A,N/A,N/A,N/A,N/A,N/A,N/A,N/A,N/A,N/A,N/A,N/A,N/A,N/A,N/A,N/A,N/A,N/A,N/A,N/A,N/A,N/A,N/A,N/A
0,4294967295,171,46,PYPTO_mul_kernel_2d,N/A,N/A,N/A,1784164991806940.674	,62.061,0.000000,0,0,N/A,N/A,N/A,N/A,N/A,N/A,N/A,0,0.0,1724052,0.0,0.0,0.0,0.977,0.0,0.0,0.0,0.0,0.0,0.0,0.0,0.0,0,0.0,0.0,0.0,0.0,0.0,0.0,0.0,0.0,0.0,84.182
0,4294967295,171,42,PYPTO_mul_kernel_2d,N/A,N/A,N/A,1784164991807051.036	,39.641,48.189000,0,0,N/A,N/A,N/A,N/A,N/A,N/A,N/A,N/A,N/A,N/A,N/A,N/A,N/A,N/A,N/A,N/A,N/A,N/A,N/A,N/A,N/A,N/A,N/A,N/A,N/A,N/A,N/A,N/A,N/A,N/A,N/A,N/A,N/A
0,4294967295,174,43,PYPTO_mul_kernel_2d,N/A,N/A,N/A,1784164991807056.896	,73.762,0.000000,0,0,N/A,N/A,N/A,N/A,N/A,N/A,N/A,N/A,N/A,N/A,N/A,N/A,N/A,N/A,N/A,N/A,N/A,N/A,N/A,N/A,N/A,N/A,N/A,N/A,N/A,N/A,N/A,N/A,N/A,N/A,N/A,N/A,N/A
0,4294967295,173,46,PYPTO_mul_kernel_2d,N/A,N/A,N/A,1784164991807064.036	,60.862,0.000000,0,0,N/A,N/A,N/A,N/A,N/A,N/A,N/A,0,0.0,1673721,0.0,0.0,0.0,0.99,0.0,0.0,0.0,0.0,0.0,0.0,0.0,0.0,0,0.0,0.0,0.0,0.0,0.0,0.0,0.0,0.0,0.0,83.334
0,4294967295,173,42,PYPTO_mul_kernel_2d,N/A,N/A,N/A,1784164991807180.519	,32.700,55.638000,0,0,N/A,N/A,N/A,N/A,N/A,N/A,N/A,N/A,N/A,N/A,N/A,N/A,N/A,N/A,N/A,N/A,N/A,N/A,N/A,N/A,N/A,N/A,N/A,N/A,N/A,N/A,N/A,N/A,N/A,N/A,N/A,N/A,N/A
0,4294967295,176,43,PYPTO_mul_kernel_2d,N/A,N/A,N/A,1784164991807186.619	,65.521,0.000000,0,0,N/A,N/A,N/A,N/A,N/A,N/A,N/A,N/A,N/A,N/A,N/A,N/A,N/A,N/A,N/A,N/A,N/A,N/A,N/A,N/A,N/A,N/A,N/A,N/A,N/A,N/A,N/A,N/A,N/A,N/A,N/A,N/A,N/A
0,4294967295,175,46,PYPTO_mul_kernel_2d,N/A,N/A,N/A,1784164991807193.379	,55.341,0.000000,0,0,N/A,N/A,N/A,N/A,N/A,N/A,N/A,0,0.0,1479989,0.0,0.0,0.0,0.982,0.0,0.0,0.0,0.0,0.0,0.0,0.0,0.0,0,0.0,0.0,0.0,0.0,0.0,0.0,0.0,0.0,0.0,81.040
0,4294967295,175,42,PYPTO_mul_kernel_2d,N/A,N/A,N/A,1784164991807309.221	,50.241,60.409000,0,0,N/A,N/A,N/A,N/A,N/A,N/A,N/A,N/A,N/A,N/A,N/A,N/A,N/A,N/A,N/A,N/A,N/A,N/A,N/A,N/A,N/A,N/A,N/A,N/A,N/A,N/A,N/A,N/A,N/A,N/A,N/A,N/A,N/A
0,4294967295,178,43,PYPTO_mul_kernel_2d,N/A,N/A,N/A,1784164991807315.522	,83.461,0.000000,0,0,N/A,N/A,N/A,N/A,N/A,N/A,N/A,N/A,N/A,N/A,N/A,N/A,N/A,N/A,N/A,N/A,N/A,N/A,N/A,N/A,N/A,N/A,N/A,N/A,N/A,N/A,N/A,N/A,N/A,N/A,N/A,N/A,N/A
0,4294967295,177,46,PYPTO_mul_kernel_2d,N/A,N/A,N/A,1784164991807322.062	,69.841,0.000000,0,0,N/A,N/A,N/A,N/A,N/A,N/A,N/A,0,0.0,1979179,0.0,0.0,0.0,0.991,0.0,0.0,0.0,0.0,0.0,0.0,0.0,0.0,0,0.0,0.0,0.0,0.0,0.0,0.0,0.0,0.0,0.0,85.874
0,4294967295,177,42,PYPTO_mul_kernel_2d,N/A,N/A,N/A,1784164991807435.684	,34.481,43.909000,0,0,N/A,N/A,N/A,N/A,N/A,N/A,N/A,N/A,N/A,N/A,N/A,N/A,N/A,N/A,N/A,N/A,N/A,N/A,N/A,N/A,N/A,N/A,N/A,N/A,N/A,N/A,N/A,N/A,N/A,N/A,N/A,N/A,N/A
0,4294967295,180,43,PYPTO_mul_kernel_2d,N/A,N/A,N/A,1784164991807442.304	,65.661,0.000000,0,0,N/A,N/A,N/A,N/A,N/A,N/A,N/A,N/A,N/A,N/A,N/A,N/A,N/A,N/A,N/A,N/A,N/A,N/A,N/A,N/A,N/A,N/A,N/A,N/A,N/A,N/A,N/A,N/A,N/A,N/A,N/A,N/A,N/A
0,4294967295,179,46,PYPTO_mul_kernel_2d,N/A,N/A,N/A,1784164991807448.564	,53.761,0.000000,0,0,N/A,N/A,N/A,N/A,N/A,N/A,N/A,0,0.0,1429142,0.0,0.0,0.0,0.978,0.0,0.0,0.0,0.0,0.0,0.0,0.0,0.0,0,0.0,0.0,0.0,0.0,0.0,0.0,0.0,0.0,0.0,80.555
0,4294967295,182,43,PYPTO_mul_kernel_2d,N/A,N/A,N/A,1784164991807586.087	,76.781,83.739000,0,0,N/A,N/A,N/A,N/A,N/A,N/A,N/A,N/A,N/A,N/A,N/A,N/A,N/A,N/A,N/A,N/A,N/A,N/A,N/A,N/A,N/A,N/A,N/A,N/A,N/A,N/A,N/A,N/A,N/A,N/A,N/A,N/A,N/A
0,4294967295,179,42,PYPTO_mul_kernel_2d,N/A,N/A,N/A,1784164991807588.507	,35.161,0.000000,0,0,N/A,N/A,N/A,N/A,N/A,N/A,N/A,N/A,N/A,N/A,N/A,N/A,N/A,N/A,N/A,N/A,N/A,N/A,N/A,N/A,N/A,N/A,N/A,N/A,N/A,N/A,N/A,N/A,N/A,N/A,N/A,N/A,N/A
0,4294967295,181,46,PYPTO_mul_kernel_2d,N/A,N/A,N/A,1784164991807596.787	,62.681,0.000000,0,0,N/A,N/A,N/A,N/A,N/A,N/A,N/A,0,0.0,1733689,0.0,0.0,0.0,0.983,0.0,0.0,0.0,0.0,0.0,0.0,0.0,0.0,0,0.0,0.0,0.0,0.0,0.0,0.0,0.0,0.0,0.0,83.815
0,4294967295,181,42,PYPTO_mul_kernel_2d,N/A,N/A,N/A,1784164991807721.530	,53.621,62.069000,0,0,N/A,N/A,N/A,N/A,N/A,N/A,N/A,N/A,N/A,N/A,N/A,N/A,N/A,N/A,N/A,N/A,N/A,N/A,N/A,N/A,N/A,N/A,N/A,N/A,N/A,N/A,N/A,N/A,N/A,N/A,N/A,N/A,N/A
0,4294967295,184,43,PYPTO_mul_kernel_2d,N/A,N/A,N/A,1784164991807727.890	,88.522,0.000000,0,0,N/A,N/A,N/A,N/A,N/A,N/A,N/A,N/A,N/A,N/A,N/A,N/A,N/A,N/A,N/A,N/A,N/A,N/A,N/A,N/A,N/A,N/A,N/A,N/A,N/A,N/A,N/A,N/A,N/A,N/A,N/A,N/A,N/A
0,4294967295,183,46,PYPTO_mul_kernel_2d,N/A,N/A,N/A,1784164991807734.450	,74.321,0.000000,0,0,N/A,N/A,N/A,N/A,N/A,N/A,N/A,0,0.0,2121737,0.0,0.0,0.0,0.991,0.0,0.0,0.0,0.0,0.0,0.0,0.0,0.0,0,0.0,0.0,0.0,0.0,0.0,0.0,0.0,0.0,0.0,86.510
0,4294967295,183,42,PYPTO_mul_kernel_2d,N/A,N/A,N/A,1784164991807858.932	,48.241,50.179000,0,0,N/A,N/A,N/A,N/A,N/A,N/A,N/A,N/A,N/A,N/A,N/A,N/A,N/A,N/A,N/A,N/A,N/A,N/A,N/A,N/A,N/A,N/A,N/A,N/A,N/A,N/A,N/A,N/A,N/A,N/A,N/A,N/A,N/A
0,4294967295,186,43,PYPTO_mul_kernel_2d,N/A,N/A,N/A,1784164991807865.413	,81.101,0.000000,0,0,N/A,N/A,N/A,N/A,N/A,N/A,N/A,N/A,N/A,N/A,N/A,N/A,N/A,N/A,N/A,N/A,N/A,N/A,N/A,N/A,N/A,N/A,N/A,N/A,N/A,N/A,N/A,N/A,N/A,N/A,N/A,N/A,N/A
0,4294967295,185,46,PYPTO_mul_kernel_2d,N/A,N/A,N/A,1784164991807871.793	,68.901,0.000000,0,0,N/A,N/A,N/A,N/A,N/A,N/A,N/A,0,0.0,1951335,0.0,0.0,0.0,0.985,0.0,0.0,0.0,0.0,0.0,0.0,0.0,0.0,0,0.0,0.0,0.0,0.0,0.0,0.0,0.0,0.0,0.0,85.821
0,4294967295,185,42,PYPTO_mul_kernel_2d,N/A,N/A,N/A,1784164991807984.735	,40.301,44.099000,0,0,N/A,N/A,N/A,N/A,N/A,N/A,N/A,N/A,N/A,N/A,N/A,N/A,N/A,N/A,N/A,N/A,N/A,N/A,N/A,N/A,N/A,N/A,N/A,N/A,N/A,N/A,N/A,N/A,N/A,N/A,N/A,N/A,N/A
0,4294967295,188,43,PYPTO_mul_kernel_2d,N/A,N/A,N/A,1784164991807991.135	,71.961,0.000000,0,0,N/A,N/A,N/A,N/A,N/A,N/A,N/A,N/A,N/A,N/A,N/A,N/A,N/A,N/A,N/A,N/A,N/A,N/A,N/A,N/A,N/A,N/A,N/A,N/A,N/A,N/A,N/A,N/A,N/A,N/A,N/A,N/A,N/A
0,4294967295,187,46,PYPTO_mul_kernel_2d,N/A,N/A,N/A,1784164991807997.755	,61.981,0.000000,0,0,N/A,N/A,N/A,N/A,N/A,N/A,N/A,0,0.0,1708592,0.0,0.0,0.0,0.982,0.0,0.0,0.0,0.0,0.0,0.0,0.0,0.0,0,0.0,0.0,0.0,0.0,0.0,0.0,0.0,0.0,0.0,83.534
0,4294967295,187,42,PYPTO_mul_kernel_2d,N/A,N/A,N/A,1784164991808108.177	,50.301,48.519000,0,0,N/A,N/A,N/A,N/A,N/A,N/A,N/A,N/A,N/A,N/A,N/A,N/A,N/A,N/A,N/A,N/A,N/A,N/A,N/A,N/A,N/A,N/A,N/A,N/A,N/A,N/A,N/A,N/A,N/A,N/A,N/A,N/A,N/A
0,4294967295,190,43,PYPTO_mul_kernel_2d,N/A,N/A,N/A,1784164991808114.597	,83.682,0.000000,0,0,N/A,N/A,N/A,N/A,N/A,N/A,N/A,N/A,N/A,N/A,N/A,N/A,N/A,N/A,N/A,N/A,N/A,N/A,N/A,N/A,N/A,N/A,N/A,N/A,N/A,N/A,N/A,N/A,N/A,N/A,N/A,N/A,N/A
0,4294967295,189,46,PYPTO_mul_kernel_2d,N/A,N/A,N/A,1784164991808121.078	,70.701,0.000000,0,0,N/A,N/A,N/A,N/A,N/A,N/A,N/A,0,0.0,2011236,0.0,0.0,0.0,0.991,0.0,0.0,0.0,0.0,0.0,0.0,0.0,0.0,0,0.0,0.0,0.0,0.0,0.0,0.0,0.0,0.0,0.0,86.203
0,4294967295,189,42,PYPTO_mul_kernel_2d,N/A,N/A,N/A,1784164991808239.560	,40.741,47.799000,0,0,N/A,N/A,N/A,N/A,N/A,N/A,N/A,N/A,N/A,N/A,N/A,N/A,N/A,N/A,N/A,N/A,N/A,N/A,N/A,N/A,N/A,N/A,N/A,N/A,N/A,N/A,N/A,N/A,N/A,N/A,N/A,N/A,N/A
0,4294967295,192,43,PYPTO_mul_kernel_2d,N/A,N/A,N/A,1784164991808255.160	,69.042,0.000000,0,0,N/A,N/A,N/A,N/A,N/A,N/A,N/A,N/A,N/A,N/A,N/A,N/A,N/A,N/A,N/A,N/A,N/A,N/A,N/A,N/A,N/A,N/A,N/A,N/A,N/A,N/A,N/A,N/A,N/A,N/A,N/A,N/A,N/A
0,4294967295,191,46,PYPTO_mul_kernel_2d,N/A,N/A,N/A,1784164991808267.881	,49.241,0.000000,0,0,N/A,N/A,N/A,N/A,N/A,N/A,N/A,0,0.0,1278848,0.0,0.0,0.0,0.989,0.0,0.0,0.0,0.0,0.0,0.0,0.0,0.0,0,0.0,0.0,0.0,0.0,0.0,0.0,0.0,0.0,0.0,78.701
0,4294967295,190,42,PYPTO_mul_kernel_2d,N/A,N/A,N/A,1784164991808538.806	,32.621,221.509000,0,0,N/A,N/A,N/A,N/A,N/A,N/A,N/A,N/A,N/A,N/A,N/A,N/A,N/A,N/A,N/A,N/A,N/A,N/A,N/A,N/A,N/A,N/A,N/A,N/A,N/A,N/A,N/A,N/A,N/A,N/A,N/A,N/A,N/A
0,4294967295,194,43,PYPTO_mul_kernel_2d,N/A,N/A,N/A,1784164991808544.386	,65.861,0.000000,0,0,N/A,N/A,N/A,N/A,N/A,N/A,N/A,N/A,N/A,N/A,N/A,N/A,N/A,N/A,N/A,N/A,N/A,N/A,N/A,N/A,N/A,N/A,N/A,N/A,N/A,N/A,N/A,N/A,N/A,N/A,N/A,N/A,N/A
0,4294967295,193,46,PYPTO_mul_kernel_2d,N/A,N/A,N/A,1784164991808551.786	,55.141,0.000000,0,0,N/A,N/A,N/A,N/A,N/A,N/A,N/A,0,0.0,1459397,0.0,0.0,0.0,0.992,0.0,0.0,0.0,0.0,0.0,0.0,0.0,0.0,0,0.0,0.0,0.0,0.0,0.0,0.0,0.0,0.0,0.0,80.202
0,4294967295,196,43,PYPTO_mul_kernel_2d,N/A,N/A,N/A,1784164991808694.729	,86.982,87.859000,0,0,N/A,N/A,N/A,N/A,N/A,N/A,N/A,N/A,N/A,N/A,N/A,N/A,N/A,N/A,N/A,N/A,N/A,N/A,N/A,N/A,N/A,N/A,N/A,N/A,N/A,N/A,N/A,N/A,N/A,N/A,N/A,N/A,N/A
0,4294967295,192,42,PYPTO_mul_kernel_2d,N/A,N/A,N/A,1784164991808700.009	,40.121,0.000000,0,0,N/A,N/A,N/A,N/A,N/A,N/A,N/A,N/A,N/A,N/A,N/A,N/A,N/A,N/A,N/A,N/A,N/A,N/A,N/A,N/A,N/A,N/A,N/A,N/A,N/A,N/A,N/A,N/A,N/A,N/A,N/A,N/A,N/A
0,4294967295,195,46,PYPTO_mul_kernel_2d,N/A,N/A,N/A,1784164991808707.749	,67.802,0.000000,0,0,N/A,N/A,N/A,N/A,N/A,N/A,N/A,0,0.0,1895646,0.0,0.0,0.0,0.983,0.0,0.0,0.0,0.0,0.0,0.0,0.0,0.0,0,0.0,0.0,0.0,0.0,0.0,0.0,0.0,0.0,0.0,84.723
0,4294967295,194,42,PYPTO_mul_kernel_2d,N/A,N/A,N/A,1784164991808833.492	,37.961,57.948000,0,0,N/A,N/A,N/A,N/A,N/A,N/A,N/A,N/A,N/A,N/A,N/A,N/A,N/A,N/A,N/A,N/A,N/A,N/A,N/A,N/A,N/A,N/A,N/A,N/A,N/A,N/A,N/A,N/A,N/A,N/A,N/A,N/A,N/A
0,4294967295,198,43,PYPTO_mul_kernel_2d,N/A,N/A,N/A,1784164991808842.232	,68.921,0.000000,0,0,N/A,N/A,N/A,N/A,N/A,N/A,N/A,N/A,N/A,N/A,N/A,N/A,N/A,N/A,N/A,N/A,N/A,N/A,N/A,N/A,N/A,N/A,N/A,N/A,N/A,N/A,N/A,N/A,N/A,N/A,N/A,N/A,N/A
0,4294967295,197,46,PYPTO_mul_kernel_2d,N/A,N/A,N/A,1784164991808846.212	,59.521,0.000000,0,0,N/A,N/A,N/A,N/A,N/A,N/A,N/A,0,0.0,1608204,0.0,0.0,0.0,0.987,0.0,0.0,0.0,0.0,0.0,0.0,0.0,0.0,0,0.0,0.0,0.0,0.0,0.0,0.0,0.0,0.0,0.0,81.876
0,4294967295,196,42,PYPTO_mul_kernel_2d,N/A,N/A,N/A,1784164991808962.254	,36.581,56.479000,0,0,N/A,N/A,N/A,N/A,N/A,N/A,N/A,N/A,N/A,N/A,N/A,N/A,N/A,N/A,N/A,N/A,N/A,N/A,N/A,N/A,N/A,N/A,N/A,N/A,N/A,N/A,N/A,N/A,N/A,N/A,N/A,N/A,N/A
0,4294967295,200,43,PYPTO_mul_kernel_2d,N/A,N/A,N/A,1784164991808970.815	,67.201,0.000000,0,0,N/A,N/A,N/A,N/A,N/A,N/A,N/A,N/A,N/A,N/A,N/A,N/A,N/A,N/A,N/A,N/A,N/A,N/A,N/A,N/A,N/A,N/A,N/A,N/A,N/A,N/A,N/A,N/A,N/A,N/A,N/A,N/A,N/A
0,4294967295,199,46,PYPTO_mul_kernel_2d,N/A,N/A,N/A,1784164991808974.915	,59.621,0.000000,0,0,N/A,N/A,N/A,N/A,N/A,N/A,N/A,0,0.0,1620817,0.0,0.0,0.0,0.985,0.0,0.0,0.0,0.0,0.0,0.0,0.0,0.0,0,0.0,0.0,0.0,0.0,0.0,0.0,0.0,0.0,0.0,82.380
